-- MySQL dump 10.13  Distrib 8.0.18, for macos10.14 (x86_64)
--
-- Host: localhost    Database: mydb
-- ------------------------------------------------------
-- Server version	8.0.18

/*!40101 SET @OLD_CHARACTER_SET_CLIENT=@@CHARACTER_SET_CLIENT */;
/*!40101 SET @OLD_CHARACTER_SET_RESULTS=@@CHARACTER_SET_RESULTS */;
/*!40101 SET @OLD_COLLATION_CONNECTION=@@COLLATION_CONNECTION */;
/*!50503 SET NAMES utf8 */;
/*!40103 SET @OLD_TIME_ZONE=@@TIME_ZONE */;
/*!40103 SET TIME_ZONE='+00:00' */;
/*!40014 SET @OLD_UNIQUE_CHECKS=@@UNIQUE_CHECKS, UNIQUE_CHECKS=0 */;
/*!40014 SET @OLD_FOREIGN_KEY_CHECKS=@@FOREIGN_KEY_CHECKS, FOREIGN_KEY_CHECKS=0 */;
/*!40101 SET @OLD_SQL_MODE=@@SQL_MODE, SQL_MODE='NO_AUTO_VALUE_ON_ZERO' */;
/*!40111 SET @OLD_SQL_NOTES=@@SQL_NOTES, SQL_NOTES=0 */;

--
-- Table structure for table `age_classes`
--

DROP TABLE IF EXISTS `age_classes`;
/*!40101 SET @saved_cs_client     = @@character_set_client */;
/*!50503 SET character_set_client = utf8mb4 */;
CREATE TABLE `age_classes` (
  `id` int(11) NOT NULL AUTO_INCREMENT,
  `age_class` varchar(45) COLLATE utf8mb4_general_ci DEFAULT NULL,
  PRIMARY KEY (`id`)
) ENGINE=InnoDB AUTO_INCREMENT=15 DEFAULT CHARSET=utf8mb4 COLLATE=utf8mb4_general_ci;
/*!40101 SET character_set_client = @saved_cs_client */;

--
-- Dumping data for table `age_classes`
--

LOCK TABLES `age_classes` WRITE;
/*!40000 ALTER TABLE `age_classes` DISABLE KEYS */;
INSERT INTO `age_classes` VALUES (1,'24-34'),(2,'40-44'),(3,'20-23'),(4,'45-49'),(5,'35-39'),(6,'18-19'),(7,'50-54'),(8,'16-17'),(9,'80-999'),(10,'70-74'),(11,''),(12,'65-69'),(13,'13-15'),(14,'60-64');
/*!40000 ALTER TABLE `age_classes` ENABLE KEYS */;
UNLOCK TABLES;

--
-- Table structure for table `competitors`
--

DROP TABLE IF EXISTS `competitors`;
/*!40101 SET @saved_cs_client     = @@character_set_client */;
/*!50503 SET character_set_client = utf8mb4 */;
CREATE TABLE `competitors` (
  `id` int(11) NOT NULL AUTO_INCREMENT,
  `name` varchar(128) COLLATE utf8mb4_general_ci DEFAULT NULL,
  `sex` char(1) COLLATE utf8mb4_general_ci DEFAULT NULL,
  `event` varchar(45) COLLATE utf8mb4_general_ci DEFAULT NULL,
  `equipments_id` int(11) NOT NULL,
  `age` varchar(45) COLLATE utf8mb4_general_ci DEFAULT NULL,
  `age_classes_id` int(11) NOT NULL,
  `meets_id` int(11) NOT NULL,
  `formulas_id` int(11) NOT NULL,
  `tested` tinyint(1) DEFAULT NULL,
  `body_weight` decimal(6,2) DEFAULT NULL,
  `total_kg` decimal(6,2) DEFAULT NULL,
  `division` varchar(45) COLLATE utf8mb4_general_ci DEFAULT NULL,
  `weight_class_kg` varchar(6) COLLATE utf8mb4_general_ci DEFAULT NULL,
  `place` varchar(6) COLLATE utf8mb4_general_ci DEFAULT NULL,
  PRIMARY KEY (`id`,`equipments_id`,`meets_id`,`formulas_id`),
  KEY `fk_competitors_equipments_idx` (`equipments_id`),
  KEY `fk_competitors_age_classes1_idx` (`age_classes_id`),
  KEY `fk_competitors_meets1_idx` (`meets_id`),
  KEY `fk_competitors_formulas1_idx` (`formulas_id`),
  CONSTRAINT `fk_competitors_age_classes1` FOREIGN KEY (`age_classes_id`) REFERENCES `age_classes` (`id`),
  CONSTRAINT `fk_competitors_equipments` FOREIGN KEY (`equipments_id`) REFERENCES `equipments` (`id`),
  CONSTRAINT `fk_competitors_formulas1` FOREIGN KEY (`formulas_id`) REFERENCES `formulas` (`id`),
  CONSTRAINT `fk_competitors_meets1` FOREIGN KEY (`meets_id`) REFERENCES `meets` (`id`)
) ENGINE=InnoDB AUTO_INCREMENT=291 DEFAULT CHARSET=utf8mb4 COLLATE=utf8mb4_general_ci;
/*!40101 SET character_set_client = @saved_cs_client */;

--
-- Dumping data for table `competitors`
--

LOCK TABLES `competitors` WRITE;
/*!40000 ALTER TABLE `competitors` DISABLE KEYS */;
INSERT INTO `competitors` VALUES (1,'Abbie Murphy','F','SBD',1,'29',1,1,1,0,59.80,290.00,'F-OR','60','4'),(2,'Abbie Tuong','F','SBD',1,'29',1,1,2,0,58.50,332.00,'F-OR','60','2'),(3,'Ainslee Hooper','F','B',2,'40',2,1,3,0,55.40,32.00,'F-OR','56','1'),(4,'Amy Moldenhauer','F','SBD',1,'23',3,1,4,0,60.00,309.00,'F-OR','60','3'),(5,'Andrea Rowan','F','SBD',1,'45',4,1,5,0,104.00,390.00,'F-OR','110','3'),(6,'April Alvarez','F','SBD',1,'37',5,1,6,0,74.00,369.00,'F-OR','75','5'),(7,'Ash Morgan','F','SBD',1,'23',3,1,7,0,59.80,345.00,'F-OR','60','1'),(8,'Belinda Moloney','F','SBD',1,'35',5,1,8,0,80.40,369.00,'F-OR','82.5','5'),(9,'Briony Williams','F','SBD',1,'36',5,1,9,0,108.00,520.00,'F-OR','110','1'),(10,'Brooke Kowalczyk','F','SBD',1,'37',5,1,10,0,74.80,475.00,'F-OR','75','1'),(11,'Carmen Daldry','F','SBD',1,'34',1,1,11,0,82.00,462.00,'F-OR','82.5','2'),(12,'Christina Tsatsoulis','F','SBD',2,'27',1,1,12,0,102.00,402.00,'F-OR','110','2'),(13,'Dakoda Plumridge','F','SBD',1,'27',1,1,13,0,78.60,492.00,'F-OR','82.5','1'),(14,'Deborah Carmody','F','SBD',1,'38',5,1,14,0,74.70,472.00,'F-OR','75','2'),(15,'Elizabeth Ciortuz','F','SBD',2,'19',6,1,15,0,72.70,299.00,'F-OR','75','7'),(16,'Eve Lundmark-Bourke','F','SBD',1,'30',1,1,16,0,108.10,374.00,'F-OR','110','4'),(17,'Helene Faccio','F','SBD',1,'50',7,1,17,0,55.20,389.00,'F-OR','56','1'),(18,'Jacinta Holman','F','SBD',1,'49',4,1,18,0,77.20,355.00,'F-OR','82.5','6'),(19,'Jade Cranwell','F','SBD',1,'33',1,1,19,0,71.90,385.00,'F-OR','75','4'),(20,'Jasmine Hoare','F','SBD',2,'31',1,1,20,0,77.70,380.00,'F-OR','82.5','4'),(21,'Joanne Lawrence','F','SBD',1,'48',4,1,21,0,55.80,361.00,'F-OR','56','2'),(22,'Joelle Savgy','F','SBD',2,'29',1,1,22,0,72.10,302.00,'F-OR','75','6'),(23,'Kate Drinkwater','F','SBD',1,'28',1,1,23,0,51.20,282.00,'F-OR','52','2'),(24,'Kathleen Beggs','F','SBD',1,'30',1,1,24,0,55.00,345.00,'F-OR','56','3'),(25,'Kellie Donaldson','F','SBD',1,'34',1,1,25,0,74.00,440.00,'F-OR','75','3'),(26,'Kerryn Siems','F','SBD',1,'30',1,1,26,0,67.20,389.00,'F-OR','67.5','1'),(27,'Kylie Smith','F','SBD',1,'37',5,1,27,0,60.00,247.00,'F-OR','60','6'),(28,'Lyndall Ablett','F','SBD',1,'45',4,1,28,0,64.80,297.00,'F-OR','67.5','3'),(29,'Maja Sucevic','F','SBD',1,'26',1,1,29,0,89.30,317.00,'F-OR','90','2'),(30,'Meagan Rochfort','F','SBD',1,'27',1,1,30,0,146.40,351.00,'F-OR','110+','4'),(31,'Megan Wall','F','SBD',1,'35',5,1,31,0,114.10,377.00,'F-OR','110+','3'),(32,'Nicole Brown','F','SBD',2,'28',1,1,32,0,57.70,247.00,'F-OR','60','5'),(33,'Niki Whitfield-Hart','F','SBD',2,'35',5,1,33,0,72.90,260.00,'F-OR','75','9'),(34,'Nita O\'Hara','F','SBD',1,'28',1,1,34,0,82.40,390.00,'F-OR','82.5','3'),(35,'Rachel Flavin','F','SBD',1,'35',5,1,35,0,88.90,342.00,'F-OR','90','1'),(36,'Renee Theyers','F','SBD',1,'29',1,1,36,0,65.60,334.00,'F-OR','67.5','2'),(37,'Sarah Green','F','SBD',1,'35',5,1,37,0,116.70,485.00,'F-OR','110+','1'),(38,'Sheridan Jacka','F','SBD',1,'42',2,1,38,0,112.00,442.00,'F-OR','110+','2'),(39,'Stephanie Pausak','F','SBD',1,'33',1,1,39,0,74.00,185.00,'F-OR','75','DQ'),(40,'Tassie Mckenzie','F','SBD',2,'17',8,1,40,0,74.30,282.00,'F-OR','75','8'),(41,'Yasmin Moyses','F','SBD',1,'31',1,1,41,0,51.30,322.00,'F-OR','52','1'),(42,'Adrian Zwaan','M','SBD',2,'80',9,1,42,0,82.10,317.00,'M-OR','82.5','11'),(43,'Aiden Westrip','M','SBD',1,'28',1,1,43,0,82.00,612.00,'M-OR','82.5','2'),(44,'Andrew Fella','M','SBD',1,'27',1,1,44,0,89.20,650.00,'M-OR','90','5'),(45,'Andrew Yuile','M','SBD',1,'36',5,1,45,0,79.50,344.00,'M-OR','82.5','9'),(46,'Anthony Provenza','M','SBD',1,'34',1,1,46,0,114.70,720.00,'M-OR','125','4'),(47,'Arian Behbehani','M','SBD',1,'26',1,1,47,0,97.60,749.00,'M-OR','100','2'),(48,'Ashley Walshe','M','SBD',1,'27',1,1,48,0,97.70,634.00,'M-OR','100','6'),(49,'Beau White','M','SBD',1,'32',1,1,49,0,81.30,550.00,'M-OR','82.5','5'),(50,'Ben Hales','M','SBD',2,'31',1,1,50,0,98.60,509.00,'M-OR','100','12'),(51,'Ben Scott #1','M','SBD',1,'28',1,1,51,0,88.20,552.00,'M-OR','90','11'),(52,'Blake Nauta','M','SBD',1,'31',1,1,52,0,94.60,495.00,'M-OR','100','13'),(53,'Boe Osbourne','M','SBD',1,'17',8,1,53,0,82.60,399.00,'M-OR','90','15'),(54,'Bourneart Hean','M','SBD',1,'26',1,1,54,0,86.20,542.00,'M-OR','90','12'),(55,'Brady Curtin','M','SBD',2,'21',3,1,55,0,88.10,510.00,'M-OR','90','13'),(56,'Callum Pearce','M','SBD',1,'24',1,1,56,0,98.80,729.00,'M-OR','100','3'),(57,'Chris Lepp','M','SBD',1,'26',1,1,57,0,82.50,699.00,'M-OR','82.5','1'),(58,'Chris Tyrrell','M','SBD',1,'29',1,1,58,0,124.80,820.00,'M-OR','125','1'),(59,'Christian Bylsma','M','SBD',1,'32',1,1,59,0,96.80,599.00,'M-OR','100','8'),(60,'Christopher O\'Bree','M','SBD',1,'21',3,1,60,0,81.50,495.00,'M-OR','82.5','7'),(61,'Christopher Sheedy','M','SBD',1,'23',3,1,61,0,88.80,659.00,'M-OR','90','4'),(62,'Dallas Sciascia','M','SBD',1,'38',5,1,62,0,137.80,809.00,'M-OR','140','4'),(63,'Damir Matecic','M','SBD',1,'35',5,1,63,0,137.80,825.00,'M-OR','140','3'),(64,'Dan O\'Connell','M','SBD',1,'22',3,1,64,0,109.90,595.00,'M-OR','110','4'),(65,'Daniel Bendinelli','M','SBD',1,'26',1,1,65,0,78.50,534.00,'M-OR','82.5','6'),(66,'Daniel Theyers','M','SBD',1,'31',1,1,66,0,81.50,420.00,'M-OR','82.5','8'),(67,'Darcy Morrissey','M','SBD',1,'24',1,1,67,0,123.00,722.00,'M-OR','125','3'),(68,'David Soon','M','SBD',1,'27',1,1,68,0,66.80,400.00,'M-OR','67.5','2'),(69,'Dean Panopoulos','M','SBD',1,'26',1,1,69,0,81.70,565.00,'M-OR','82.5','4'),(70,'Earl Murphy','M','SBD',1,'26',1,1,70,0,106.10,755.00,'M-OR','110','1'),(71,'Ed Narayan','M','B',2,'35',5,1,71,0,116.70,175.00,'M-OR','125','1'),(72,'Emad Nayef','M','SBD',1,'41',2,1,72,0,88.50,714.00,'M-OR','90','1'),(73,'Emmanual Ioane','M','SBD',1,'36',5,1,73,0,133.70,360.00,'M-OR','140','DQ'),(74,'Gilbert Tan','M','SBD',1,'27',1,1,74,0,99.60,612.00,'M-OR','100','7'),(75,'Griffin Spence','M','SBD',2,'27',1,1,75,0,67.10,534.00,'M-OR','67.5','1'),(76,'Harley Hughes','M','SBD',1,'25',1,1,76,0,118.90,672.00,'M-OR','125','6'),(77,'Ian Henderson','M','SBD',1,'27',1,1,77,0,114.10,670.00,'M-OR','125','7'),(78,'Igor Bahtjak','M','SBD',1,'20',3,1,78,0,99.90,595.00,'M-OR','100','10'),(79,'Jack Busch','M','SBD',1,'27',1,1,79,0,92.70,510.00,'M-OR','100','11'),(80,'Jackson Drew','M','SBD',1,'25',1,1,80,0,123.00,767.00,'M-OR','125','2'),(81,'Jaksen Daddo','M','SBD',1,'24',1,1,81,0,101.50,507.00,'M-OR','110','7'),(82,'James Beischer','M','SBD',1,'25',1,1,82,0,108.10,525.00,'M-OR','110','6'),(83,'James Wakefield','M','B',3,'36',5,1,83,0,80.80,145.00,'M-OE','82.5','1'),(84,'Jeremy De Haan','M','SBD',1,'21',3,1,84,0,98.50,677.00,'M-OR','100','4'),(85,'Jim Collins','M','SBD',2,'72',10,1,85,0,82.50,345.00,'M-OR','82.5','10'),(86,'Joe Ordon','M','SBD',1,'33',1,1,86,0,162.00,765.00,'M-OR','140+','1'),(87,'John Wallin','M','SBD',2,'47',4,1,87,0,117.70,685.00,'M-OR','125','5'),(88,'Jordan Ramanauskas','M','SBD',1,'26',1,1,88,0,106.50,627.00,'M-OR','110','2'),(89,'Josh West','M','SBD',1,'21',3,1,89,0,100.60,537.00,'M-OR','110','5'),(90,'Kaleb Singh','M','SBD',1,'22',3,1,90,0,87.20,584.00,'M-OR','90','7'),(91,'Kane Latham','M','SBD',1,'33',1,1,91,0,107.40,612.00,'M-OR','110','3'),(92,'Keelan Cranfield-Brooks','M','SBD',1,'25',1,1,92,0,99.40,640.00,'M-OR','100','5'),(93,'Kris Miles','M','SBD',1,'24',1,1,93,0,89.20,557.00,'M-OR','90','10'),(94,'Luke Faulkner','M','SBD',1,'32',1,1,94,0,98.80,755.00,'M-OR','100','1'),(95,'Marcus Hicks','M','SBD',1,'30',1,1,95,0,89.20,687.00,'M-OR','90','2'),(96,'Mathew Procak','M','SBD',1,'29',1,1,96,0,137.00,875.00,'M-OR','140','2'),(97,'Matt Bengtsson','M','SBD',1,'27',1,1,97,0,83.50,584.00,'M-OR','90','6'),(98,'Matthew Bund','M','SBD',1,'33',1,1,98,0,99.50,599.00,'M-OR','100','9'),(99,'Matthew Thomas','M','SBD',1,'34',1,1,99,0,82.00,577.00,'M-OR','82.5','3'),(100,'Nathan Cobb','M','B',2,'39',5,1,100,0,109.10,200.00,'M-OR','110','1'),(101,'Nick Bransgrove','M','SBD',1,'25',1,1,101,0,88.20,567.00,'M-OR','90','9'),(102,'Ricci Steckoll','M','SBD',1,'27',1,1,102,0,96.70,447.00,'M-OR','100','14'),(103,'Sam King','M','SBD',1,'25',1,1,103,0,87.80,581.00,'M-OR','90','8'),(104,'Shannon Campbell','M','SBD',1,'21',3,1,104,0,107.10,455.00,'M-OR','110','DQ'),(105,'Thomas Parry','M','SBD',1,'25',1,1,105,0,133.60,635.00,'M-OR','140','5'),(106,'Tim Borninkhof','M','SBD',1,'30',1,1,106,0,88.20,454.00,'M-OR','90','14'),(107,'Tim Plummer','M','SBD',1,'',11,1,107,0,109.50,475.00,'M-OR','110','8'),(108,'Warrick Eccles','M','SBD',1,'26',1,1,108,0,137.40,900.00,'M-OR','140','1'),(109,'Wesley Vick','M','SBD',1,'28',1,1,109,0,89.90,670.00,'M-OR','90','3'),(110,'Alana Andrews','F','SBD',1,'33',1,2,110,0,47.80,295.00,'F-OR','48','1'),(111,'Alana Sinatra','F','SBD',1,'31',1,2,111,0,55.10,350.00,'F-OR','56','3'),(112,'Alex Smith','F','SBD',1,'26',1,2,112,0,55.40,350.00,'F-OR','56','4'),(113,'Alicia Fistonich','F','SBD',1,'26',1,2,113,0,73.90,295.00,'F-OR','75','9'),(114,'Amanda Price','F','SBD',1,'32',1,2,114,0,136.60,469.00,'F-OR','90+','4'),(115,'Amy Young','F','SBD',1,'25',1,2,115,0,81.80,369.00,'F-OR','82.5','7'),(116,'Ann Donaldson','F','SBD',1,'31',1,2,116,0,89.90,365.00,'F-OR','90','5'),(117,'Anna Bailey','F','SBD',1,'28',1,2,117,0,58.90,269.00,'F-OR','60','14'),(118,'Anna Bryant','F','SBD',1,'24',1,2,118,0,59.30,304.00,'F-OR','60','9'),(119,'Annie Short','F','SBD',1,'21',3,2,119,0,80.60,472.00,'F-OR','82.5','1'),(120,'Ashleigh Waldheim','F','SBD',1,'24',1,2,120,0,80.20,460.00,'F-OR','82.5','3'),(121,'Belinda Azzopardi','F','SBD',1,'42',2,2,121,0,74.70,314.00,'F-OR','75','6'),(122,'Belinda Ryder','F','SBD',1,'44',2,2,122,0,51.90,322.00,'F-OR','52','2'),(123,'Bianca Strahan','F','SBD',1,'32',1,2,123,0,57.50,284.00,'F-OR','60','12'),(124,'Billa Hamilton','F','SBD',1,'27',1,2,124,0,67.20,427.00,'F-OR','67.5','2'),(125,'Brooke Manz','F','SBD',1,'35',5,2,125,0,74.60,295.00,'F-OR','75','10'),(126,'Caitlin Ross','F','SBD',1,'22',3,2,126,0,66.10,292.00,'F-OR','67.5','12'),(127,'Carey Boyce','F','SBD',1,'37',5,2,127,0,59.60,419.00,'F-OR','60','2'),(128,'Carla Rizk','F','SBD',1,'21',3,2,128,0,88.10,455.00,'F-OR','90','1'),(129,'Carmen Morrow','F','SBD',1,'33',1,2,129,0,66.70,272.00,'F-OR','67.5','13'),(130,'Carolyn Ferrando','F','SBD',1,'35',5,2,130,0,149.20,410.00,'F-OR','90+','7'),(131,'Cassie Morgan','F','SBD',1,'22',3,2,131,0,55.70,370.00,'F-OR','56','1'),(132,'Chloe Sims','F','SBD',1,'24',1,2,132,0,59.60,350.00,'F-OR','60','7'),(133,'Jaxson Wearing','F','SBD',1,'28',1,2,133,0,59.60,362.00,'F-OR','60','6'),(134,'Colleen Hourigan','F','SBD',1,'51',7,2,134,0,72.20,280.00,'F-OR','75','12'),(135,'Cynthia Sepulveda','F','SBD',1,'29',1,2,135,0,50.90,257.00,'F-OR','52','5'),(136,'Dana Cruz','F','SBD',1,'20',3,2,136,0,80.40,342.00,'F-OR','82.5','9'),(137,'Danielle Moody','F','SBD',1,'26',1,2,137,0,74.20,340.00,'F-OR','75','4'),(138,'Ebonie Lazdovskis','F','SBD',1,'19',6,2,138,0,63.80,315.00,'F-OR','67.5','9'),(139,'Ebony Tharle','F','SBD',1,'17',8,2,139,0,73.20,302.00,'F-OR','75','7'),(140,'Eleisha Rogers','F','SBD',1,'24',1,2,140,0,71.10,285.00,'F-OR','75','11'),(141,'Ellie Burscough','F','SBD',1,'28',1,2,141,0,74.80,250.00,'F-OR','75','DQ'),(142,'Emma King','F','SBD',1,'29',1,2,142,0,59.10,332.00,'F-OR','60','8'),(143,'Erika Schlemmen','F','SBD',1,'52',7,2,143,0,82.30,130.00,'F-OR','82.5','DQ'),(144,'Esther Smithard','F','SBD',1,'48',4,2,144,0,63.70,342.00,'F-OR','67.5','8'),(145,'Gee Lewis','F','SBD',1,'25',1,2,145,0,105.80,342.00,'F-OR','90+','10'),(146,'Genevieve Vever','F','SBD',1,'50',7,2,146,0,63.50,170.00,'F-OR','67.5','18'),(147,'Jac Quarisa','F','SBD',1,'27',1,2,147,0,59.90,367.00,'F-OR','60','5'),(148,'Jackie Low','F','SBD',1,'33',1,2,148,0,51.50,269.00,'F-OR','52','3'),(149,'Jen Smith','F','SBD',1,'21',3,2,149,0,55.80,342.00,'F-OR','56','5'),(150,'Jenn Schooten','F','SBD',1,'33',1,2,150,0,97.20,370.00,'F-OR','90+','9'),(151,'Jesse Saleh','F','SBD',1,'27',1,2,151,0,98.20,324.00,'F-OR','90+','11'),(152,'Jiville Latu','F','SBD',1,'22',3,2,152,0,65.10,367.00,'F-OR','67.5','5'),(153,'Joanne Greagen','F','SBD',1,'33',1,2,153,0,65.90,450.00,'F-OR','67.5','1'),(154,'Jodie Dohse','F','SBD',1,'43',2,2,154,0,87.90,345.00,'F-OR','90','6'),(155,'Jodie Elisara','F','SBD',1,'33',1,2,155,0,142.70,245.00,'F-OR','90+','12'),(156,'Jody Dobush','F','SBD',1,'38',5,2,156,0,82.10,385.00,'F-OR','82.5','4'),(157,'Josie Stanford','F','SBD',1,'29',1,2,157,0,103.40,427.00,'F-OR','90+','5'),(158,'Julia Brown','F','SBD',1,'26',1,2,158,0,73.80,350.00,'F-OR','75','3'),(159,'Julie Shugg','F','SBD',1,'51',7,2,159,0,88.70,227.00,'F-OR','90','9'),(160,'Justine Baxter','F','SBD',1,'27',1,2,160,0,71.60,320.00,'F-OR','75','5'),(161,'Kat Becker','F','SBD',1,'31',1,2,161,0,81.80,467.00,'F-OR','82.5','2'),(162,'Katie Walbank','F','SBD',1,'22',3,2,162,0,72.90,280.00,'F-OR','75','13'),(163,'Kelly Preston','F','SBD',1,'34',1,2,163,0,131.00,495.00,'F-OR','90+','1'),(164,'Kristie Owen','F','SBD',1,'34',1,2,164,0,148.60,412.00,'F-OR','90+','6'),(165,'Kristy Iervasi','F','SBD',1,'24',1,2,165,0,48.00,267.00,'F-OR','48','2'),(166,'Krystal Gagens','F','SBD',1,'23',3,2,166,0,58.60,230.00,'F-OR','60','18'),(167,'Larnah Lowe','F','SBD',1,'29',1,2,167,0,80.80,370.00,'F-OR','82.5','6'),(168,'Laura Sgro','F','SBD',1,'24',1,2,168,0,57.90,380.00,'F-OR','60','4'),(169,'Laura Thorley','F','SBD',1,'22',3,2,169,0,59.50,212.00,'F-OR','60','DQ'),(170,'Lauren Adams','F','SBD',1,'24',1,2,170,0,65.20,260.00,'F-OR','67.5','16'),(171,'Leah Chandler','F','SBD',1,'36',5,2,171,0,85.10,327.00,'F-OR','90','7'),(172,'Lizzy Nevins','F','SBD',1,'20',3,2,172,0,81.60,350.00,'F-OR','82.5','8'),(173,'Lolita Wikanda','F','SBD',1,'52',7,2,173,0,58.00,230.00,'F-OR','60','17'),(174,'Lucy Anthony','F','SBD',1,'35',5,2,174,0,57.60,177.00,'F-OR','60','19'),(175,'Lucy Clarke','F','SBD',1,'20',3,2,175,0,55.40,357.00,'F-OR','56','2'),(176,'Lyndall Vile','F','SBD',1,'26',1,2,176,0,72.90,427.00,'F-OR','75','1'),(177,'Lyndall Ryan','F','SBD',1,'47',4,2,177,0,57.10,277.00,'F-OR','60','13'),(178,'Maddy Lane','F','SBD',1,'19',6,2,178,0,66.50,295.00,'F-OR','67.5','11'),(179,'Mahli Roberts','F','SBD',1,'24',1,2,179,0,67.40,370.00,'F-OR','67.5','4'),(180,'Maria Malouf','F','SBD',1,'25',1,2,180,0,51.70,269.00,'F-OR','52','4'),(181,'Maryann Hearn','F','SBD',1,'47',4,2,181,0,55.20,280.00,'F-OR','56','11'),(182,'Medina Hajdarevic','F','SBD',1,'24',1,2,182,0,87.80,415.00,'F-OR','90','2'),(183,'Melanie Mead','F','SBD',1,'30',1,2,183,0,55.20,297.00,'F-OR','56','9'),(184,'Melissa Clarke','F','SBD',1,'31',1,2,184,0,106.40,479.00,'F-OR','90+','3'),(185,'Merryn Armstrong','F','SBD',1,'27',1,2,185,0,66.00,310.00,'F-OR','67.5','DQ'),(186,'Monique Mallasch','F','SBD',1,'23',3,2,186,0,76.60,319.00,'F-OR','82.5','10'),(187,'Paula Vico','F','SBD',1,'35',5,2,187,0,130.70,484.00,'F-OR','90+','2'),(188,'Pip Brown','F','SBD',1,'27',1,2,188,0,64.90,372.00,'F-OR','67.5','3'),(189,'Rachel Hunt','F','SBD',1,'23',3,2,189,0,52.00,330.00,'F-OR','52','1'),(190,'Rae-Leigh Lyons','F','SBD',1,'23',3,2,190,0,55.10,274.00,'F-OR','56','13'),(191,'Rebecca Buckley','F','SBD',1,'28',1,2,191,0,86.20,404.00,'F-OR','90','3'),(192,'Rebecca Giles','F','SBD',1,'29',1,2,192,0,55.80,341.00,'F-OR','56','5'),(193,'Rebecca Gleich','F','SBD',1,'24',1,2,193,0,59.90,422.00,'F-OR','60','1'),(194,'Rebecca Sotomayor','F','SBD',1,'41',2,2,194,0,71.30,380.00,'F-OR','75','2'),(195,'Rebecca Waring','F','SBD',1,'24',1,2,195,0,67.50,314.00,'F-OR','67.5','10'),(196,'Renee Blaikie','F','SBD',1,'37',5,2,196,0,85.60,320.00,'F-OR','90','8'),(197,'Renee Ludlow','F','SBD',1,'28',1,2,197,0,59.70,262.00,'F-OR','60','15'),(198,'Rosemary Sherwin','F','SBD',1,'66',12,2,198,0,63.60,215.00,'F-OR','67.5','17'),(199,'Rosie Johnson','F','SBD',1,'23',3,2,199,0,64.60,269.00,'F-OR','67.5','14'),(200,'Ruchell Hutton','F','SBD',1,'36',5,2,200,0,55.30,257.00,'F-OR','56','14'),(201,'Ruth Jackson','F','SBD',1,'24',1,2,201,0,80.80,375.00,'F-OR','82.5','5'),(202,'Scout Symons','F','SBD',1,'23',3,2,202,0,72.40,275.00,'F-OR','75','14'),(203,'Sevasti Anastasiadis','F','SBD',1,'15',13,2,203,0,58.40,255.00,'F-OR','60','16'),(204,'Sharyn Mellier','F','SBD',1,'43',2,2,204,0,79.60,317.00,'F-OR','82.5','11'),(205,'Shelley Stark','F','SBD',1,'42',2,2,205,0,67.30,265.00,'F-OR','67.5','15'),(206,'Skye Holcombe','F','SBD',1,'23',3,2,206,0,60.00,290.00,'F-OR','60','11'),(207,'Stacey Faulkner','F','SBD',1,'24',1,2,207,0,59.90,289.00,'F-OR','60','10'),(208,'Steph Bourke','F','SBD',1,'27',1,2,208,0,67.20,355.00,'F-OR','67.5','6'),(209,'Susan Edwards','F','SBD',1,'48',4,2,209,0,98.00,377.00,'F-OR','90+','8'),(210,'Sussy Kollen','F','SBD',1,'44',2,2,210,0,55.90,325.00,'F-OR','56','8'),(211,'Suzie Maude','F','SBD',1,'39',5,2,211,0,88.80,397.00,'F-OR','90','4'),(212,'Tala Stevens','F','SBD',1,'34',1,2,212,0,54.90,277.00,'F-OR','56','12'),(213,'Valerie Distasi','F','SBD',1,'38',5,2,213,0,64.60,350.00,'F-OR','67.5','7'),(214,'Venecia Bachee','F','SBD',1,'29',1,2,214,0,55.00,327.00,'F-OR','56','7'),(215,'Vicki Jewson','F','SBD',1,'43',2,2,215,0,59.60,382.00,'F-OR','60','3'),(216,'Victoria Hoskin','F','SBD',1,'35',5,2,216,0,73.80,295.00,'F-OR','75','8'),(217,'Winona Tabe','F','SBD',1,'17',8,2,217,0,55.70,292.00,'F-OR','56','10'),(218,'Aaron Chamberlain','M','SBD',1,'19',6,2,218,0,89.90,534.00,'M-OR','90','14'),(219,'Aaron Simm','M','SBD',1,'19',6,2,219,0,73.10,580.00,'M-OR','75','5'),(220,'Adam Henson','M','SBD',1,'22',3,2,220,0,106.60,707.00,'M-OR','110','13'),(221,'Adrian Ng','M','SBD',1,'34',1,2,221,0,88.40,532.00,'M-OR','90','15'),(222,'Aidan Ruja','M','SBD',1,'42',2,2,222,0,91.30,520.00,'M-OR','100','25'),(223,'Alex Biasin','M','SBD',1,'47',4,2,223,0,108.70,482.00,'M-OR','110','32'),(224,'Alex Deken','M','SBD',1,'23',3,2,224,0,108.80,815.00,'M-OR','110','3'),(225,'Alex Powell','M','SBD',1,'25',1,2,225,0,76.30,660.00,'M-OR','82.5','7'),(226,'Alex Scott','M','SBD',1,'23',3,2,226,0,110.00,620.00,'M-OR','110','23'),(227,'Allan Todd','M','SBD',1,'60',14,2,227,0,99.90,532.00,'M-OR','100','24'),(228,'Andrew Davitt','M','SBD',1,'39',5,2,228,0,138.60,694.00,'M-OR','140','7'),(229,'Andy Hargreaves','M','SBD',1,'27',1,2,229,0,148.30,785.00,'M-OR','140+','5'),(230,'Andrew Lance','M','SBD',1,'28',1,2,230,0,74.90,602.00,'M-OR','75','3'),(231,'Andrew Van Blommestein','M','SBD',1,'24',1,2,231,0,99.00,490.00,'M-OR','100','27'),(232,'Andy Davis','M','SBD',1,'24',1,2,232,0,125.10,705.00,'M-OR','140','5'),(233,'Anthony Clarke','M','SBD',1,'48',4,2,233,0,117.80,635.00,'M-OR','125','12'),(234,'Anthony Cooke','M','SBD',1,'19',6,2,234,0,82.10,485.00,'M-OR','82.5','24'),(235,'Anthony Vloedmans','M','SBD',1,'29',1,2,235,0,99.60,637.00,'M-OR','100','13'),(236,'Asher Wearing','M','SBD',1,'26',1,2,236,0,67.20,400.00,'M-OR','67.5','3'),(237,'Atreyu Wilkinson','M','SBD',1,'21',3,2,237,0,94.00,615.00,'M-OR','100','15'),(238,'Ben Hussell','M','SBD',1,'26',1,2,238,0,98.30,482.00,'M-OR','100','28'),(239,'Ben Senden','M','SBD',1,'18',6,2,239,0,81.30,614.00,'M-OR','82.5','12'),(240,'Ben Wright #1','M','SBD',1,'21',3,2,240,0,89.90,687.00,'M-OR','90','5'),(241,'Benn Bromley','M','SBD',1,'23',3,2,241,0,96.80,707.00,'M-OR','100','9'),(242,'Billy Chan','M','SBD',1,'29',1,2,242,0,87.80,190.00,'M-OR','90','DQ'),(243,'Brandon Greco','M','SBD',1,'22',3,2,243,0,97.00,605.00,'M-OR','100','18'),(244,'Brett Carruthers','M','SBD',1,'29',1,2,244,0,78.90,574.00,'M-OR','82.5','16'),(245,'Bryce Cleary','M','SBD',1,'45',4,2,245,0,81.80,627.00,'M-OR','82.5','9'),(246,'Callan Hayward','M','SBD',1,'26',1,2,246,0,67.20,599.00,'M-OR','67.5','2'),(247,'Cameron Harris','M','SBD',1,'22',3,2,247,0,87.60,562.00,'M-OR','90','12'),(248,'Carl Skudder','M','SBD',1,'28',1,2,248,0,125.60,800.00,'M-OR','140','3'),(249,'Chan Hee Kim','M','SBD',1,'19',6,2,249,0,74.10,540.00,'M-OR','75','10'),(250,'Charlie Evans','M','SBD',1,'15',13,2,250,0,155.40,477.00,'M-OR','140+','7'),(251,'Chris Fisher','M','SBD',1,'25',1,2,251,0,109.70,705.00,'M-OR','110','14'),(252,'Chris Lepp','M','SBD',1,'22',3,2,252,0,79.90,617.00,'M-OR','82.5','11'),(253,'Chris Newbery','M','SBD',1,'25',1,2,253,0,81.50,612.00,'M-OR','82.5','14'),(254,'Chris Stamatiou','M','SBD',1,'25',1,2,254,0,74.20,750.00,'M-OR','75','1'),(255,'Colin Skelly','M','SBD',1,'30',1,2,255,0,125.50,526.00,'M-OR','140','15'),(256,'Corey Wolski','M','SBD',1,'21',3,2,256,0,106.70,592.00,'M-OR','110','24'),(257,'Cory Burrrows','M','SBD',1,'29',1,2,257,0,120.70,840.00,'M-OR','125','3'),(258,'Damian Rohrlach','M','SBD',1,'31',1,2,258,0,87.80,517.00,'M-OR','90','19'),(259,'Daniel America','M','SBD',1,'31',1,2,259,0,129.30,762.00,'M-OR','140','4'),(260,'Daniel Blandford','M','SBD',1,'25',1,2,260,0,98.40,752.00,'M-OR','100','4'),(261,'Daniel Kranitz','M','SBD',1,'19',6,2,261,0,102.80,572.00,'M-OR','110','28'),(262,'Dan Mason #2','M','SBD',1,'24',1,2,262,0,121.70,639.00,'M-OR','125','11'),(263,'Daniel Menz','M','SBD',1,'28',1,2,263,0,78.40,537.00,'M-OR','82.5','19'),(264,'Daniel Smale','M','SBD',1,'32',1,2,264,0,118.10,690.00,'M-OR','125','8'),(265,'Danny Saelam Barrett','M','SBD',1,'14',13,2,265,0,134.50,582.00,'M-OR','140','13'),(266,'Darren Hancey','M','SBD',1,'28',1,2,266,0,108.40,720.00,'M-OR','110','10'),(267,'Darwin Suteerawanit','M','SBD',1,'19',6,2,267,0,89.60,760.00,'M-OR','90','3'),(268,'David Madeley','M','SBD',1,'54',7,2,268,0,89.20,537.00,'M-OR','90','13'),(269,'David Wenman','M','SBD',1,'27',1,2,269,0,59.20,345.00,'M-OR','60','1'),(270,'Dean Illguth','M','SBD',1,'34',1,2,270,0,109.70,764.00,'M-OR','110','5'),(271,'Dillion Satchell','M','SBD',1,'22',3,2,271,0,123.80,662.00,'M-OR','125','10'),(272,'Drew Spriggs','M','SBD',1,'26',1,2,272,0,107.10,547.00,'M-OR','110','29'),(273,'Dylan Hart','M','SBD',1,'25',1,2,273,0,89.60,712.00,'M-OR','90','4'),(274,'Dylan Smouha','M','SBD',1,'26',1,2,274,0,97.00,680.00,'M-OR','100','10'),(275,'Edward Owens','M','SBD',1,'23',3,2,275,0,95.90,670.00,'M-OR','100','11'),(276,'Eldene Smith','M','SBD',1,'29',1,2,276,0,82.20,735.00,'M-OR','82.5','3'),(277,'Emad Nayef','M','SBD',1,'38',5,2,277,0,82.40,659.00,'M-OR','82.5','8'),(278,'Firas El Achkar','M','SBD',1,'22',3,2,278,0,109.80,842.00,'M-OR','110','2'),(279,'Fitim Xhemajlaj','M','SBD',1,'25',1,2,279,0,106.50,700.00,'M-OR','110','16'),(280,'Grant Woodcock','M','SBD',1,'29',1,2,280,0,100.00,610.00,'M-OR','100','17'),(281,'Harvard Ye','M','SBD',1,'21',3,2,281,0,74.90,579.00,'M-OR','75','6'),(282,'Hayden Cook','M','SBD',1,'18',6,2,282,0,98.80,162.00,'M-OR','100','DQ'),(283,'Henry Cook','M','SBD',1,'26',1,2,283,0,85.60,527.00,'M-OR','90','17'),(284,'Iveni Tuitupou','M','SBD',1,'32',1,2,284,0,139.50,817.00,'M-OR','140','2'),(285,'Jackson Murrie','M','SBD',1,'21',3,2,285,0,98.30,830.00,'M-OR','100','1'),(286,'Jake Fisher','M','SBD',1,'23',3,2,286,0,123.70,450.00,'M-OR','125','16'),(287,'James Milla','M','SBD',1,'23',3,2,287,0,78.20,497.00,'M-OR','82.5','21'),(288,'James Yammine','M','SBD',1,'18',6,2,288,0,100.00,710.00,'M-OR','100','8'),(289,'Jarrod Earle','M','SBD',1,'19',6,2,289,0,99.90,730.00,'M-OR','100','6'),(290,'Jarrod Gould','M','SBD',1,'26',1,2,290,0,105.60,590.00,'M-OR','110','25');
/*!40000 ALTER TABLE `competitors` ENABLE KEYS */;
UNLOCK TABLES;

--
-- Table structure for table `equipments`
--

DROP TABLE IF EXISTS `equipments`;
/*!40101 SET @saved_cs_client     = @@character_set_client */;
/*!50503 SET character_set_client = utf8mb4 */;
CREATE TABLE `equipments` (
  `id` int(11) NOT NULL AUTO_INCREMENT,
  `name` varchar(45) COLLATE utf8mb4_general_ci DEFAULT NULL,
  PRIMARY KEY (`id`)
) ENGINE=InnoDB AUTO_INCREMENT=4 DEFAULT CHARSET=utf8mb4 COLLATE=utf8mb4_general_ci;
/*!40101 SET character_set_client = @saved_cs_client */;

--
-- Dumping data for table `equipments`
--

LOCK TABLES `equipments` WRITE;
/*!40000 ALTER TABLE `equipments` DISABLE KEYS */;
INSERT INTO `equipments` VALUES (1,'Wraps'),(2,'Raw'),(3,'Single-ply');
/*!40000 ALTER TABLE `equipments` ENABLE KEYS */;
UNLOCK TABLES;

--
-- Table structure for table `formulas`
--

DROP TABLE IF EXISTS `formulas`;
/*!40101 SET @saved_cs_client     = @@character_set_client */;
/*!50503 SET character_set_client = utf8mb4 */;
CREATE TABLE `formulas` (
  `id` int(11) NOT NULL AUTO_INCREMENT,
  `wilks` decimal(6,2) DEFAULT NULL,
  `gloss_brenner` decimal(6,2) DEFAULT NULL,
  `ipf_points` decimal(6,2) DEFAULT NULL,
  `mc_culloch` decimal(6,2) DEFAULT NULL,
  PRIMARY KEY (`id`)
) ENGINE=InnoDB AUTO_INCREMENT=291 DEFAULT CHARSET=utf8mb4 COLLATE=utf8mb4_general_ci;
/*!40101 SET character_set_client = @saved_cs_client */;

--
-- Dumping data for table `formulas`
--

LOCK TABLES `formulas` WRITE;
/*!40000 ALTER TABLE `formulas` DISABLE KEYS */;
INSERT INTO `formulas` VALUES (1,324.16,286.42,511.15,324.16),(2,378.07,334.16,595.65,378.07),(3,38.56,34.12,313.97,38.56),(4,345.61,305.37,547.04,345.61),(5,321.25,274.56,550.08,338.91),(6,354.74,312.20,596.18,354.74),(7,385.63,340.74,612.23,385.63),(8,337.62,296.00,575.85,337.62),(9,424.49,361.57,716.65,424.49),(10,452.31,397.92,762.42,452.31),(11,417.56,365.65,712.92,417.56),(12,333.24,285.55,571.03,333.24),(13,455.17,399.56,773.08,455.17),(14,450.31,396.17,758.86,450.31),(15,290.95,256.21,486.30,302.58),(16,306.06,260.68,522.68,306.06),(17,464.08,410.63,724.77,524.41),(18,331.57,291.31,561.85,369.03),(19,376.12,331.32,628.36,376.12),(20,353.56,310.54,599.76,353.56),(21,427.72,378.36,667.69,469.21),(22,294.98,259.82,492.05,294.98),(23,356.40,316.12,536.69,356.40),(24,411.70,364.31,638.85,411.70),(25,421.85,371.26,709.51,421.85),(26,399.32,352.28,656.52,399.32),(27,275.93,243.80,432.42,275.93),(28,312.82,276.13,506.15,330.03),(29,275.24,239.42,475.66,275.24),(30,272.07,228.71,449.04,272.07),(31,304.68,258.90,516.58,304.68),(32,284.47,251.48,439.90,284.47),(33,251.70,221.63,420.45,251.70),(34,351.21,307.45,600.72,351.21),(35,297.48,258.87,513.14,297.48),(36,349.07,308.07,568.54,349.07),(37,389.79,330.82,651.49,389.79),(38,358.45,304.87,605.21,365.62),(39,0.00,0.00,0.00,0.00),(40,270.15,237.72,453.80,291.76),(41,406.26,360.31,617.58,406.26),(42,213.32,205.96,278.11,437.30),(43,411.82,397.62,615.81,411.82),(44,416.86,401.80,622.52,416.86),(45,236.47,228.46,317.40,236.47),(46,418.65,400.35,599.24,418.65),(47,461.03,443.40,690.96,461.03),(48,390.17,375.24,571.66,390.17),(49,371.74,358.98,547.62,371.74),(50,312.17,300.14,439.81,312.17),(51,356.43,343.63,520.38,356.43),(52,308.49,296.94,436.17,308.49),(53,267.77,258.50,370.73,289.19),(54,354.35,341.79,517.46,354.35),(55,329.21,317.40,474.20,335.79),(56,446.45,429.22,665.24,446.45),(57,468.93,452.71,712.95,468.93),(58,467.43,445.26,662.40,467.43),(59,370.13,356.05,538.65,370.13),(60,334.06,322.58,483.52,340.74),(61,424.27,408.97,635.28,424.27),(62,453.72,430.16,619.50,453.72),(63,462.13,438.13,632.54,462.13),(64,350.25,335.53,492.98,353.75),(65,369.70,357.26,543.83,369.70),(66,283.44,273.71,397.42,283.44),(67,413.10,393.79,578.24,413.10),(68,311.01,301.77,437.84,311.01),(69,380.73,367.63,562.92,380.73),(70,449.53,431.20,661.86,449.53),(71,101.30,96.79,573.89,101.30),(72,460.44,443.87,696.81,465.04),(73,0.00,0.00,0.00,0.00),(74,373.36,358.87,541.77,373.36),(75,414.47,402.10,612.11,414.47),(76,387.47,369.95,542.74,387.47),(77,390.13,373.16,553.44,390.13),(78,362.26,348.17,522.88,373.12),(79,320.87,309.00,458.11,320.87),(80,438.83,418.31,619.52,438.83),(81,307.06,294.97,429.10,307.06),(82,310.66,297.79,429.40,310.66),(83,98.38,95.01,495.77,98.38),(84,414.86,398.89,612.46,423.16),(85,231.12,223.12,308.38,397.06),(86,418.61,393.47,534.14,418.61),(87,395.65,377.93,557.63,428.10),(88,373.14,357.88,534.57,373.14),(89,326.34,313.58,462.10,332.87),(90,379.71,366.16,560.25,383.51),(91,363.20,348.24,517.11,363.20),(92,390.44,375.31,570.62,390.44),(93,357.54,344.62,521.87,357.54),(94,461.74,443.92,690.92,461.74),(95,440.91,424.98,663.33,440.91),(96,490.58,465.23,678.05,490.58),(97,389.11,375.56,577.07,389.11),(98,365.89,351.70,529.32,365.89),(99,388.29,374.90,575.78,388.29),(100,118.00,113.07,681.85,118.00),(101,366.11,352.96,536.81,366.11),(102,276.18,265.68,380.48,276.18),(103,376.69,363.20,554.93,376.69),(104,0.00,0.00,0.00,0.00),(105,357.46,339.39,475.40,357.46),(106,293.53,282.99,413.59,293.53),(107,279.93,268.20,377.35,279.93),(108,504.36,478.24,698.78,504.36),(109,427.97,412.43,641.00,427.97),(110,391.90,348.93,583.76,391.90),(111,417.07,369.05,647.93,417.07),(112,415.30,367.44,646.09,415.30),(113,283.08,249.14,475.01,283.08),(114,367.14,309.37,599.71,367.14),(115,334.48,292.95,571.85,334.48),(116,315.53,274.29,543.87,315.53),(117,305.38,269.89,477.67,305.38),(118,343.15,303.24,540.87,343.15),(119,430.56,377.43,733.66,439.17),(120,420.32,368.56,715.88,420.32),(121,300.21,264.12,505.20,306.21),(122,402.64,356.93,613.69,419.95),(123,328.46,290.39,511.26,328.46),(124,437.71,386.15,720.69,437.71),(125,281.38,247.57,473.23,281.38),(126,303.10,267.47,493.14,306.13),(127,470.69,415.91,751.38,470.69),(128,396.75,345.54,680.83,404.69),(129,280.52,247.51,456.86,280.52),(130,315.67,265.00,513.55,315.67),(131,437.18,386.75,682.75,441.55),(132,392.24,346.60,622.46,392.24),(133,406.25,358.97,645.48,406.25),(134,272.79,240.27,454.83,312.89),(135,326.33,289.52,487.17,326.33),(136,312.53,274.00,533.30,321.90),(137,325.41,286.36,546.99,325.41),(138,335.09,295.85,540.54,348.50),(139,292.06,257.13,489.03,315.43),(140,280.53,247.19,465.90,280.53),(141,0.00,0.00,0.00,0.00),(142,375.08,331.47,592.66,375.08),(143,0.00,0.00,0.00,0.00),(144,364.78,322.06,589.52,400.16),(145,280.93,239.54,482.68,280.93),(146,181.49,160.24,284.99,205.08),(147,410.25,362.49,653.04,410.25),(148,339.11,300.70,509.68,339.11),(149,404.12,357.49,629.24,412.20),(150,310.76,267.90,535.51,310.76),(151,272.08,234.26,470.64,272.08),(152,385.11,339.91,627.20,388.96),(153,467.34,412.42,766.45,467.34),(154,301.14,262.32,519.00,310.47),(155,189.87,159.80,324.99,189.87),(156,347.37,304.16,593.96,347.37),(157,352.66,301.65,602.35,352.66),(158,336.14,295.86,564.44,336.14),(159,197.79,172.15,344.50,226.87),(160,313.50,276.19,522.32,313.50),(161,422.62,370.14,721.33,422.62),(162,271.06,238.67,453.11,273.77),(163,389.68,328.79,638.59,389.68),(164,317.74,266.84,517.07,317.74),(165,354.28,315.34,523.65,354.28),(166,261.17,230.84,404.31,261.17),(167,336.70,295.11,574.69,336.70),(168,435.58,385.05,687.84,435.58),(169,0.00,0.00,0.00,0.00),(170,272.15,240.20,439.45,272.15),(171,290.18,253.45,499.12,290.18),(172,316.82,277.51,541.71,326.32),(173,263.28,232.74,406.09,306.72),(174,204.29,180.61,308.45,204.29),(175,424.20,375.31,660.57,436.93),(176,413.85,364.40,693.93,413.85),(177,321.57,284.33,498.77,347.94),(178,304.35,268.54,496.17,316.52),(179,378.03,333.49,621.45,378.03),(180,338.10,299.76,508.67,338.10),(181,333.19,294.81,511.78,360.51),(182,362.42,315.73,622.66,362.42),(183,354.01,313.24,545.66,354.01),(184,393.18,335.04,666.83,393.18),(185,0.00,0.00,0.00,0.00),(186,300.28,263.91,508.07,300.28),(187,381.97,322.31,626.80,381.97),(188,391.24,345.34,636.85,391.24),(189,411.39,364.66,628.18,411.39),(190,327.70,289.97,502.54,327.70),(191,356.67,311.20,612.34,356.67),(192,404.12,357.49,629.24,404.12),(193,471.65,416.74,754.02,471.65),(194,373.33,328.93,622.44,377.06),(195,321.50,283.60,527.15,321.50),(196,282.74,246.84,486.80,282.74),(197,293.80,259.60,460.95,293.80),(198,229.25,202.41,364.44,346.40),(199,284.56,251.19,458.66,284.56),(200,305.98,270.72,467.82,305.98),(201,341.25,299.10,582.41,341.25),(202,267.43,235.52,446.14,267.43),(203,290.34,256.62,451.55,342.60),(204,291.33,255.56,496.54,300.36),(205,271.04,239.11,442.35,276.46),(206,323.32,285.67,510.36,323.32),(207,323.74,286.04,510.76,323.74),(208,363.48,320.67,596.63,363.48),(209,316.23,272.35,544.43,346.91),(210,382.93,338.73,595.06,399.40),(211,345.42,300.62,594.16,345.42),(212,331.62,293.47,508.29,331.62),(213,368.87,325.62,598.82,368.87),(214,390.82,345.83,604.89,390.82),(215,428.66,378.78,682.31,441.95),(216,283.32,249.37,475.26,283.32),(217,345.61,305.74,533.60,373.26),(218,341.73,329.33,494.77,355.40),(219,420.87,407.35,628.45,437.71),(220,420.58,403.36,613.17,424.78),(221,343.12,330.78,497.71,343.12),(222,329.59,317.51,473.56,336.18),(223,285.00,273.14,386.43,308.37),(224,481.26,461.21,710.68,481.26),(225,464.77,449.41,704.73,464.77),(226,364.87,349.52,516.97,364.87),(227,324.20,311.59,459.06,434.43),(228,388.96,368.66,517.93,388.96),(229,435.03,411.19,575.38,435.03),(230,429.72,415.68,644.53,429.72),(231,299.42,287.85,418.13,299.42),(232,401.68,382.59,556.89,401.68),(233,366.70,350.25,510.50,402.27),(234,325.86,314.61,469.56,338.89),(235,388.60,373.52,567.34,388.60),(236,309.51,300.26,435.69,309.51),(237,384.40,370.06,564.76,392.09),(238,295.71,284.34,412.36,295.71),(239,415.67,401.41,622.36,440.61),(240,439.14,423.20,659.96,447.93),(241,436.44,419.84,650.33,436.44),(242,0.00,0.00,0.00,0.00),(243,372.88,358.68,543.13,376.61),(244,396.03,382.67,588.69,396.03),(245,422.53,407.99,634.04,445.77),(246,464.27,450.39,696.00,464.27),(247,364.20,351.18,533.79,367.85),(248,455.44,433.71,641.93,455.44),(249,388.06,375.48,573.41,403.58),(250,262.88,247.81,308.67,310.20),(251,415.24,397.81,600.41,415.24),(252,421.90,407.56,632.85,426.12),(253,413.36,399.15,618.43,413.36),(254,538.46,520.98,828.61,538.46),(255,300.35,286.03,394.64,300.35),(256,352.11,337.68,499.46,359.15),(257,482.29,460.15,693.20,482.29),(258,334.66,322.67,483.55,334.66),(259,431.69,410.51,598.30,431.69),(260,460.99,443.25,690.07,460.99),(261,344.73,331.02,490.97,358.52),(262,366.78,349.81,505.61,366.78),(263,371.73,359.24,547.27,371.73),(264,398.21,380.31,561.23,398.21),(265,327.55,310.89,427.49,402.88),(266,425.66,407.99,619.32,425.66),(267,486.28,468.67,740.08,505.74),(268,344.71,332.26,500.11,415.03),(269,297.89,290.45,407.21,297.89),(270,450.58,431.67,658.71,450.58),(271,378.27,360.48,521.28,382.06),(272,324.96,311.60,454.04,324.96),(273,455.89,439.37,688.53,455.89),(274,419.11,403.14,620.96,419.11),(275,415.00,399.32,614.98,415.00),(276,493.46,476.42,754.69,493.46),(277,442.46,427.16,667.92,442.46),(278,496.08,475.25,733.64,501.04),(279,416.25,399.22,606.11,416.25),(280,371.24,356.79,537.86,371.24),(281,413.67,400.16,617.29,421.94),(282,0.00,0.00,0.00,0.00),(283,345.90,333.69,503.23,345.90),(284,457.07,433.09,622.02,457.07),(285,508.68,489.12,770.34,518.85),(286,256.98,244.90,327.11,256.98),(287,344.64,333.08,501.17,344.64),(288,432.10,415.28,639.92,458.02),(289,444.45,427.16,660.73,462.23),(290,351.86,337.57,500.17,351.86);
/*!40000 ALTER TABLE `formulas` ENABLE KEYS */;
UNLOCK TABLES;

--
-- Table structure for table `meets`
--

DROP TABLE IF EXISTS `meets`;
/*!40101 SET @saved_cs_client     = @@character_set_client */;
/*!50503 SET character_set_client = utf8mb4 */;
CREATE TABLE `meets` (
  `id` int(11) NOT NULL AUTO_INCREMENT,
  `name` varchar(45) COLLATE utf8mb4_general_ci DEFAULT NULL,
  `state` varchar(8) COLLATE utf8mb4_general_ci DEFAULT NULL,
  `country` varchar(32) COLLATE utf8mb4_general_ci DEFAULT NULL,
  `date` date DEFAULT NULL,
  `federation` varchar(24) COLLATE utf8mb4_general_ci DEFAULT NULL,
  PRIMARY KEY (`id`)
) ENGINE=InnoDB AUTO_INCREMENT=3 DEFAULT CHARSET=utf8mb4 COLLATE=utf8mb4_general_ci;
/*!40101 SET character_set_client = @saved_cs_client */;

--
-- Dumping data for table `meets`
--

LOCK TABLES `meets` WRITE;
/*!40000 ALTER TABLE `meets` DISABLE KEYS */;
INSERT INTO `meets` VALUES (1,'Melbourne Cup','VIC','Australia','2018-10-27','GPC-AUS'),(2,'Nationals','','Australia','2015-05-19','GPC-AUS');
/*!40000 ALTER TABLE `meets` ENABLE KEYS */;
UNLOCK TABLES;

--
-- Table structure for table `scores`
--

DROP TABLE IF EXISTS `scores`;
/*!40101 SET @saved_cs_client     = @@character_set_client */;
/*!50503 SET character_set_client = utf8mb4 */;
CREATE TABLE `scores` (
  `competitors_id` int(11) NOT NULL,
  `score_value` int(11) DEFAULT NULL,
  `attempt_kg` tinyint(1) DEFAULT NULL,
  `exercises_type` varchar(16) COLLATE utf8mb4_general_ci DEFAULT NULL,
  KEY `fk_scores_competitors1_idx` (`competitors_id`),
  CONSTRAINT `fk_scores_competitors1` FOREIGN KEY (`competitors_id`) REFERENCES `competitors` (`id`)
) ENGINE=InnoDB DEFAULT CHARSET=utf8mb4 COLLATE=utf8mb4_general_ci;
/*!40101 SET character_set_client = @saved_cs_client */;

--
-- Dumping data for table `scores`
--

LOCK TABLES `scores` WRITE;
/*!40000 ALTER TABLE `scores` DISABLE KEYS */;
INSERT INTO `scores` VALUES (1,80,1,'squat'),(1,92,2,'squat'),(1,105,3,'squat'),(1,0,4,'squat'),(1,45,1,'bench'),(1,50,2,'bench'),(1,55,3,'bench'),(1,0,4,'bench'),(1,110,1,'deadlift'),(1,120,2,'deadlift'),(1,130,3,'deadlift'),(1,0,4,'deadlift'),(2,100,1,'squat'),(2,110,2,'squat'),(2,120,3,'squat'),(2,0,4,'squat'),(2,55,1,'bench'),(2,62,2,'bench'),(2,67,3,'bench'),(2,0,4,'bench'),(2,130,1,'deadlift'),(2,140,2,'deadlift'),(2,145,3,'deadlift'),(2,0,4,'deadlift'),(3,0,1,'squat'),(3,0,2,'squat'),(3,0,3,'squat'),(3,0,4,'squat'),(3,27,1,'bench'),(3,32,2,'bench'),(3,-35,3,'bench'),(3,0,4,'bench'),(3,0,1,'deadlift'),(3,0,2,'deadlift'),(3,0,3,'deadlift'),(3,0,4,'deadlift'),(4,-105,1,'squat'),(4,-105,2,'squat'),(4,105,3,'squat'),(4,0,4,'squat'),(4,67,1,'bench'),(4,72,2,'bench'),(4,-75,3,'bench'),(4,0,4,'bench'),(4,132,1,'deadlift'),(4,-140,2,'deadlift'),(4,-140,3,'deadlift'),(4,0,4,'deadlift'),(5,120,1,'squat'),(5,130,2,'squat'),(5,140,3,'squat'),(5,0,4,'squat'),(5,70,1,'bench'),(5,75,2,'bench'),(5,80,3,'bench'),(5,0,4,'bench'),(5,150,1,'deadlift'),(5,160,2,'deadlift'),(5,170,3,'deadlift'),(5,0,4,'deadlift'),(6,127,1,'squat'),(6,135,2,'squat'),(6,142,3,'squat'),(6,0,4,'squat'),(6,72,1,'bench'),(6,77,2,'bench'),(6,82,3,'bench'),(6,0,4,'bench'),(6,125,1,'deadlift'),(6,135,2,'deadlift'),(6,145,3,'deadlift'),(6,0,4,'deadlift'),(7,115,1,'squat'),(7,125,2,'squat'),(7,-135,3,'squat'),(7,0,4,'squat'),(7,65,1,'bench'),(7,70,2,'bench'),(7,-75,3,'bench'),(7,0,4,'bench'),(7,130,1,'deadlift'),(7,140,2,'deadlift'),(7,150,3,'deadlift'),(7,0,4,'deadlift'),(8,120,1,'squat'),(8,130,2,'squat'),(8,140,3,'squat'),(8,0,4,'squat'),(8,67,1,'bench'),(8,72,2,'bench'),(8,77,3,'bench'),(8,0,4,'bench'),(8,125,1,'deadlift'),(8,140,2,'deadlift'),(8,152,3,'deadlift'),(8,0,4,'deadlift'),(9,180,1,'squat'),(9,200,2,'squat'),(9,220,3,'squat'),(9,0,4,'squat'),(9,90,1,'bench'),(9,100,2,'bench'),(9,0,3,'bench'),(9,0,4,'bench'),(9,200,1,'deadlift'),(9,0,2,'deadlift'),(9,0,3,'deadlift'),(9,0,4,'deadlift'),(10,180,1,'squat'),(10,190,2,'squat'),(10,200,3,'squat'),(10,0,4,'squat'),(10,90,1,'bench'),(10,95,2,'bench'),(10,-97,3,'bench'),(10,0,4,'bench'),(10,160,1,'deadlift'),(10,170,2,'deadlift'),(10,180,3,'deadlift'),(10,0,4,'deadlift'),(11,175,1,'squat'),(11,185,2,'squat'),(11,-195,3,'squat'),(11,0,4,'squat'),(11,85,1,'bench'),(11,-90,2,'bench'),(11,-90,3,'bench'),(11,0,4,'bench'),(11,180,1,'deadlift'),(11,192,2,'deadlift'),(11,-202,3,'deadlift'),(11,0,4,'deadlift'),(12,135,1,'squat'),(12,-140,2,'squat'),(12,140,3,'squat'),(12,0,4,'squat'),(12,77,1,'bench'),(12,82,2,'bench'),(12,-85,3,'bench'),(12,0,4,'bench'),(12,180,1,'deadlift'),(12,-185,2,'deadlift'),(12,-185,3,'deadlift'),(12,0,4,'deadlift'),(13,172,1,'squat'),(13,182,2,'squat'),(13,-192,3,'squat'),(13,0,4,'squat'),(13,92,1,'bench'),(13,100,2,'bench'),(13,105,3,'bench'),(13,0,4,'bench'),(13,175,1,'deadlift'),(13,190,2,'deadlift'),(13,205,3,'deadlift'),(13,0,4,'deadlift'),(14,-170,1,'squat'),(14,170,2,'squat'),(14,-177,3,'squat'),(14,0,4,'squat'),(14,92,1,'bench'),(14,95,2,'bench'),(14,-97,3,'bench'),(14,0,4,'bench'),(14,200,1,'deadlift'),(14,207,2,'deadlift'),(14,-210,3,'deadlift'),(14,0,4,'deadlift'),(15,95,1,'squat'),(15,105,2,'squat'),(15,112,3,'squat'),(15,0,4,'squat'),(15,55,1,'bench'),(15,-60,2,'bench'),(15,60,3,'bench'),(15,0,4,'bench'),(15,107,1,'deadlift'),(15,117,2,'deadlift'),(15,127,3,'deadlift'),(15,0,4,'deadlift'),(16,135,1,'squat'),(16,142,2,'squat'),(16,147,3,'squat'),(16,0,4,'squat'),(16,65,1,'bench'),(16,70,2,'bench'),(16,-72,3,'bench'),(16,0,4,'bench'),(16,140,1,'deadlift'),(16,152,2,'deadlift'),(16,157,3,'deadlift'),(16,0,4,'deadlift'),(17,130,1,'squat'),(17,137,2,'squat'),(17,-142,3,'squat'),(17,0,4,'squat'),(17,65,1,'bench'),(17,70,2,'bench'),(17,-72,3,'bench'),(17,0,4,'bench'),(17,160,1,'deadlift'),(17,172,2,'deadlift'),(17,182,3,'deadlift'),(17,0,4,'deadlift'),(18,110,1,'squat'),(18,115,2,'squat'),(18,120,3,'squat'),(18,0,4,'squat'),(18,60,1,'bench'),(18,-65,2,'bench'),(18,65,3,'bench'),(18,0,4,'bench'),(18,170,1,'deadlift'),(18,-180,2,'deadlift'),(18,-180,3,'deadlift'),(18,0,4,'deadlift'),(19,135,1,'squat'),(19,145,2,'squat'),(19,150,3,'squat'),(19,0,4,'squat'),(19,85,1,'bench'),(19,-90,2,'bench'),(19,90,3,'bench'),(19,0,4,'bench'),(19,130,1,'deadlift'),(19,137,2,'deadlift'),(19,145,3,'deadlift'),(19,0,4,'deadlift'),(20,130,1,'squat'),(20,137,2,'squat'),(20,145,3,'squat'),(20,0,4,'squat'),(20,75,1,'bench'),(20,80,2,'bench'),(20,-85,3,'bench'),(20,0,4,'bench'),(20,145,1,'deadlift'),(20,155,2,'deadlift'),(20,-165,3,'deadlift'),(20,0,4,'deadlift'),(21,115,1,'squat'),(21,120,2,'squat'),(21,122,3,'squat'),(21,0,4,'squat'),(21,77,1,'bench'),(21,82,2,'bench'),(21,-85,3,'bench'),(21,0,4,'bench'),(21,140,1,'deadlift'),(21,150,2,'deadlift'),(21,157,3,'deadlift'),(21,0,4,'deadlift'),(22,90,1,'squat'),(22,100,2,'squat'),(22,105,3,'squat'),(22,0,4,'squat'),(22,55,1,'bench'),(22,60,2,'bench'),(22,-62,3,'bench'),(22,0,4,'bench'),(22,125,1,'deadlift'),(22,132,2,'deadlift'),(22,137,3,'deadlift'),(22,0,4,'deadlift'),(23,100,1,'squat'),(23,-110,2,'squat'),(23,110,3,'squat'),(23,0,4,'squat'),(23,45,1,'bench'),(23,47,2,'bench'),(23,-50,3,'bench'),(23,0,4,'bench'),(23,115,1,'deadlift'),(23,125,2,'deadlift'),(23,-132,3,'deadlift'),(23,0,4,'deadlift'),(24,100,1,'squat'),(24,115,2,'squat'),(24,125,3,'squat'),(24,0,4,'squat'),(24,60,1,'bench'),(24,65,2,'bench'),(24,-70,3,'bench'),(24,0,4,'bench'),(24,130,1,'deadlift'),(24,142,2,'deadlift'),(24,155,3,'deadlift'),(24,0,4,'deadlift'),(25,155,1,'squat'),(25,165,2,'squat'),(25,-170,3,'squat'),(25,0,4,'squat'),(25,95,1,'bench'),(25,100,2,'bench'),(25,-102,3,'bench'),(25,0,4,'bench'),(25,155,1,'deadlift'),(25,167,2,'deadlift'),(25,175,3,'deadlift'),(25,0,4,'deadlift'),(26,140,1,'squat'),(26,150,2,'squat'),(26,160,3,'squat'),(26,0,4,'squat'),(26,72,1,'bench'),(26,-77,2,'bench'),(26,-77,3,'bench'),(26,0,4,'bench'),(26,157,1,'deadlift'),(26,-167,2,'deadlift'),(26,0,3,'deadlift'),(26,0,4,'deadlift'),(27,75,1,'squat'),(27,-85,2,'squat'),(27,-85,3,'squat'),(27,0,4,'squat'),(27,50,1,'bench'),(27,55,2,'bench'),(27,-60,3,'bench'),(27,0,4,'bench'),(27,110,1,'deadlift'),(27,-117,2,'deadlift'),(27,117,3,'deadlift'),(27,0,4,'deadlift'),(28,100,1,'squat'),(28,110,2,'squat'),(28,-115,3,'squat'),(28,0,4,'squat'),(28,52,1,'bench'),(28,55,2,'bench'),(28,57,3,'bench'),(28,0,4,'bench'),(28,115,1,'deadlift'),(28,125,2,'deadlift'),(28,130,3,'deadlift'),(28,0,4,'deadlift'),(29,105,1,'squat'),(29,115,2,'squat'),(29,120,3,'squat'),(29,0,4,'squat'),(29,50,1,'bench'),(29,55,2,'bench'),(29,57,3,'bench'),(29,0,4,'bench'),(29,130,1,'deadlift'),(29,140,2,'deadlift'),(29,-145,3,'deadlift'),(29,0,4,'deadlift'),(30,117,1,'squat'),(30,125,2,'squat'),(30,137,3,'squat'),(30,0,4,'squat'),(30,65,1,'bench'),(30,70,2,'bench'),(30,72,3,'bench'),(30,0,4,'bench'),(30,135,1,'deadlift'),(30,-142,2,'deadlift'),(30,142,3,'deadlift'),(30,0,4,'deadlift'),(31,125,1,'squat'),(31,135,2,'squat'),(31,145,3,'squat'),(31,0,4,'squat'),(31,70,1,'bench'),(31,77,2,'bench'),(31,-82,3,'bench'),(31,0,4,'bench'),(31,145,1,'deadlift'),(31,155,2,'deadlift'),(31,-160,3,'deadlift'),(31,0,4,'deadlift'),(32,82,1,'squat'),(32,90,2,'squat'),(32,-95,3,'squat'),(32,0,4,'squat'),(32,55,1,'bench'),(32,-60,2,'bench'),(32,-60,3,'bench'),(32,0,4,'bench'),(32,92,1,'deadlift'),(32,102,2,'deadlift'),(32,-110,3,'deadlift'),(32,0,4,'deadlift'),(33,65,1,'squat'),(33,75,2,'squat'),(33,80,3,'squat'),(33,0,4,'squat'),(33,52,1,'bench'),(33,57,2,'bench'),(33,60,3,'bench'),(33,0,4,'bench'),(33,100,1,'deadlift'),(33,112,2,'deadlift'),(33,120,3,'deadlift'),(33,0,4,'deadlift'),(34,140,1,'squat'),(34,-150,2,'squat'),(34,150,3,'squat'),(34,0,4,'squat'),(34,60,1,'bench'),(34,65,2,'bench'),(34,0,3,'bench'),(34,0,4,'bench'),(34,170,1,'deadlift'),(34,175,2,'deadlift'),(34,-180,3,'deadlift'),(34,0,4,'deadlift'),(35,135,1,'squat'),(35,145,2,'squat'),(35,150,3,'squat'),(35,0,4,'squat'),(35,65,1,'bench'),(35,70,2,'bench'),(35,-75,3,'bench'),(35,0,4,'bench'),(35,122,1,'deadlift'),(35,-132,2,'deadlift'),(35,-132,3,'deadlift'),(35,0,4,'deadlift'),(36,110,1,'squat'),(36,117,2,'squat'),(36,122,3,'squat'),(36,0,4,'squat'),(36,60,1,'bench'),(36,62,2,'bench'),(36,-65,3,'bench'),(36,0,4,'bench'),(36,142,1,'deadlift'),(36,150,2,'deadlift'),(36,-157,3,'deadlift'),(36,0,4,'deadlift'),(37,185,1,'squat'),(37,200,2,'squat'),(37,210,3,'squat'),(37,0,4,'squat'),(37,80,1,'bench'),(37,87,2,'bench'),(37,90,3,'bench'),(37,0,4,'bench'),(37,160,1,'deadlift'),(37,175,2,'deadlift'),(37,185,3,'deadlift'),(37,0,4,'deadlift'),(38,150,1,'squat'),(38,155,2,'squat'),(38,0,3,'squat'),(38,0,4,'squat'),(38,87,1,'bench'),(38,92,2,'bench'),(38,-95,3,'bench'),(38,0,4,'bench'),(38,180,1,'deadlift'),(38,195,2,'deadlift'),(38,0,3,'deadlift'),(38,0,4,'deadlift'),(39,-85,1,'squat'),(39,-85,2,'squat'),(39,-85,3,'squat'),(39,0,4,'squat'),(39,50,1,'bench'),(39,55,2,'bench'),(39,-57,3,'bench'),(39,0,4,'bench'),(39,115,1,'deadlift'),(39,122,2,'deadlift'),(39,130,3,'deadlift'),(39,0,4,'deadlift'),(40,95,1,'squat'),(40,110,2,'squat'),(40,-125,3,'squat'),(40,0,4,'squat'),(40,52,1,'bench'),(40,55,2,'bench'),(40,57,3,'bench'),(40,0,4,'bench'),(40,95,1,'deadlift'),(40,110,2,'deadlift'),(40,115,3,'deadlift'),(40,0,4,'deadlift'),(41,110,1,'squat'),(41,115,2,'squat'),(41,120,3,'squat'),(41,0,4,'squat'),(41,75,1,'bench'),(41,77,2,'bench'),(41,-80,3,'bench'),(41,0,4,'bench'),(41,115,1,'deadlift'),(41,120,2,'deadlift'),(41,125,3,'deadlift'),(41,0,4,'deadlift'),(42,80,1,'squat'),(42,90,2,'squat'),(42,100,3,'squat'),(42,0,4,'squat'),(42,-62,1,'bench'),(42,67,2,'bench'),(42,72,3,'bench'),(42,0,4,'bench'),(42,130,1,'deadlift'),(42,137,2,'deadlift'),(42,145,3,'deadlift'),(42,0,4,'deadlift'),(43,210,1,'squat'),(43,220,2,'squat'),(43,227,3,'squat'),(43,0,4,'squat'),(43,125,1,'bench'),(43,130,2,'bench'),(43,135,3,'bench'),(43,0,4,'bench'),(43,225,1,'deadlift'),(43,240,2,'deadlift'),(43,250,3,'deadlift'),(43,0,4,'deadlift'),(44,230,1,'squat'),(44,245,2,'squat'),(44,260,3,'squat'),(44,0,4,'squat'),(44,127,1,'bench'),(44,135,2,'bench'),(44,140,3,'bench'),(44,0,4,'bench'),(44,210,1,'deadlift'),(44,230,2,'deadlift'),(44,250,3,'deadlift'),(44,0,4,'deadlift'),(45,112,1,'squat'),(45,120,2,'squat'),(45,125,3,'squat'),(45,0,4,'squat'),(45,72,1,'bench'),(45,77,2,'bench'),(45,-80,3,'bench'),(45,0,4,'bench'),(45,125,1,'deadlift'),(45,135,2,'deadlift'),(45,142,3,'deadlift'),(45,0,4,'deadlift'),(46,-270,1,'squat'),(46,270,2,'squat'),(46,-300,3,'squat'),(46,0,4,'squat'),(46,180,1,'bench'),(46,-195,2,'bench'),(46,-195,3,'bench'),(46,0,4,'bench'),(46,270,1,'deadlift'),(46,-300,2,'deadlift'),(46,-300,3,'deadlift'),(46,0,4,'deadlift'),(47,300,1,'squat'),(47,-317,2,'squat'),(47,-317,3,'squat'),(47,0,4,'squat'),(47,167,1,'bench'),(47,-175,2,'bench'),(47,-175,3,'bench'),(47,0,4,'bench'),(47,260,1,'deadlift'),(47,272,2,'deadlift'),(47,282,3,'deadlift'),(47,0,4,'deadlift'),(48,210,1,'squat'),(48,227,2,'squat'),(48,-232,3,'squat'),(48,0,4,'squat'),(48,135,1,'bench'),(48,140,2,'bench'),(48,145,3,'bench'),(48,0,4,'bench'),(48,250,1,'deadlift'),(48,-262,2,'deadlift'),(48,262,3,'deadlift'),(48,0,4,'deadlift'),(49,180,1,'squat'),(49,195,2,'squat'),(49,-202,3,'squat'),(49,0,4,'squat'),(49,97,1,'bench'),(49,102,2,'bench'),(49,110,3,'bench'),(49,0,4,'bench'),(49,200,1,'deadlift'),(49,220,2,'deadlift'),(49,245,3,'deadlift'),(49,0,4,'deadlift'),(50,165,1,'squat'),(50,180,2,'squat'),(50,187,3,'squat'),(50,0,4,'squat'),(50,107,1,'bench'),(50,115,2,'bench'),(50,-117,3,'bench'),(50,0,4,'bench'),(50,190,1,'deadlift'),(50,207,2,'deadlift'),(50,-212,3,'deadlift'),(50,0,4,'deadlift'),(51,175,1,'squat'),(51,185,2,'squat'),(51,190,3,'squat'),(51,0,4,'squat'),(51,115,1,'bench'),(51,122,2,'bench'),(51,127,3,'bench'),(51,0,4,'bench'),(51,215,1,'deadlift'),(51,227,2,'deadlift'),(51,235,3,'deadlift'),(51,0,4,'deadlift'),(52,170,1,'squat'),(52,-180,2,'squat'),(52,180,3,'squat'),(52,0,4,'squat'),(52,-115,1,'bench'),(52,115,2,'bench'),(52,-117,3,'bench'),(52,0,4,'bench'),(52,190,1,'deadlift'),(52,-200,2,'deadlift'),(52,200,3,'deadlift'),(52,0,4,'deadlift'),(53,125,1,'squat'),(53,135,2,'squat'),(53,142,3,'squat'),(53,0,4,'squat'),(53,70,1,'bench'),(53,75,2,'bench'),(53,82,3,'bench'),(53,0,4,'bench'),(53,150,1,'deadlift'),(53,165,2,'deadlift'),(53,175,3,'deadlift'),(53,0,4,'deadlift'),(54,185,1,'squat'),(54,195,2,'squat'),(54,202,3,'squat'),(54,0,4,'squat'),(54,107,1,'bench'),(54,112,2,'bench'),(54,115,3,'bench'),(54,0,4,'bench'),(54,210,1,'deadlift'),(54,220,2,'deadlift'),(54,225,3,'deadlift'),(54,0,4,'deadlift'),(55,160,1,'squat'),(55,-170,2,'squat'),(55,170,3,'squat'),(55,0,4,'squat'),(55,107,1,'bench'),(55,115,2,'bench'),(55,-120,3,'bench'),(55,0,4,'bench'),(55,200,1,'deadlift'),(55,215,2,'deadlift'),(55,225,3,'deadlift'),(55,0,4,'deadlift'),(56,260,1,'squat'),(56,275,2,'squat'),(56,282,3,'squat'),(56,0,4,'squat'),(56,155,1,'bench'),(56,165,2,'bench'),(56,170,3,'bench'),(56,0,4,'bench'),(56,250,1,'deadlift'),(56,267,2,'deadlift'),(56,277,3,'deadlift'),(56,0,4,'deadlift'),(57,250,1,'squat'),(57,265,2,'squat'),(57,272,3,'squat'),(57,0,4,'squat'),(57,150,1,'bench'),(57,157,2,'bench'),(57,160,3,'bench'),(57,0,4,'bench'),(57,240,1,'deadlift'),(57,257,2,'deadlift'),(57,267,3,'deadlift'),(57,0,4,'deadlift'),(58,315,1,'squat'),(58,335,2,'squat'),(58,345,3,'squat'),(58,0,4,'squat'),(58,177,1,'bench'),(58,185,2,'bench'),(58,190,3,'bench'),(58,0,4,'bench'),(58,255,1,'deadlift'),(58,270,2,'deadlift'),(58,285,3,'deadlift'),(58,0,4,'deadlift'),(59,195,1,'squat'),(59,205,2,'squat'),(59,217,3,'squat'),(59,0,4,'squat'),(59,132,1,'bench'),(59,137,2,'bench'),(59,142,3,'bench'),(59,0,4,'bench'),(59,215,1,'deadlift'),(59,227,2,'deadlift'),(59,240,3,'deadlift'),(59,0,4,'deadlift'),(60,180,1,'squat'),(60,195,2,'squat'),(60,-205,3,'squat'),(60,0,4,'squat'),(60,-102,1,'bench'),(60,-105,2,'bench'),(60,105,3,'bench'),(60,0,4,'bench'),(60,180,1,'deadlift'),(60,195,2,'deadlift'),(60,-205,3,'deadlift'),(60,0,4,'deadlift'),(61,222,1,'squat'),(61,235,2,'squat'),(61,242,3,'squat'),(61,0,4,'squat'),(61,137,1,'bench'),(61,142,2,'bench'),(61,-147,3,'bench'),(61,0,4,'bench'),(61,247,1,'deadlift'),(61,265,2,'deadlift'),(61,275,3,'deadlift'),(61,0,4,'deadlift'),(62,280,1,'squat'),(62,300,2,'squat'),(62,315,3,'squat'),(62,0,4,'squat'),(62,170,1,'bench'),(62,180,2,'bench'),(62,187,3,'bench'),(62,0,4,'bench'),(62,280,1,'deadlift'),(62,307,2,'deadlift'),(62,-317,3,'deadlift'),(62,0,4,'deadlift'),(63,280,1,'squat'),(63,300,2,'squat'),(63,-310,3,'squat'),(63,0,4,'squat'),(63,200,1,'bench'),(63,210,2,'bench'),(63,-215,3,'bench'),(63,0,4,'bench'),(63,300,1,'deadlift'),(63,310,2,'deadlift'),(63,315,3,'deadlift'),(63,0,4,'deadlift'),(64,215,1,'squat'),(64,-230,2,'squat'),(64,-230,3,'squat'),(64,0,4,'squat'),(64,140,1,'bench'),(64,-145,2,'bench'),(64,-145,3,'bench'),(64,0,4,'bench'),(64,240,1,'deadlift'),(64,-260,2,'deadlift'),(64,-260,3,'deadlift'),(64,0,4,'deadlift'),(65,195,1,'squat'),(65,207,2,'squat'),(65,-215,3,'squat'),(65,0,4,'squat'),(65,95,1,'bench'),(65,100,2,'bench'),(65,102,3,'bench'),(65,0,4,'bench'),(65,210,1,'deadlift'),(65,220,2,'deadlift'),(65,225,3,'deadlift'),(65,0,4,'deadlift'),(66,140,1,'squat'),(66,150,2,'squat'),(66,160,3,'squat'),(66,0,4,'squat'),(66,75,1,'bench'),(66,80,2,'bench'),(66,-85,3,'bench'),(66,0,4,'bench'),(66,165,1,'deadlift'),(66,175,2,'deadlift'),(66,180,3,'deadlift'),(66,0,4,'deadlift'),(67,250,1,'squat'),(67,260,2,'squat'),(67,270,3,'squat'),(67,0,4,'squat'),(67,152,1,'bench'),(67,160,2,'bench'),(67,167,3,'bench'),(67,0,4,'bench'),(67,250,1,'deadlift'),(67,270,2,'deadlift'),(67,285,3,'deadlift'),(67,0,4,'deadlift'),(68,130,1,'squat'),(68,140,2,'squat'),(68,150,3,'squat'),(68,0,4,'squat'),(68,-80,1,'bench'),(68,85,2,'bench'),(68,90,3,'bench'),(68,0,4,'bench'),(68,140,1,'deadlift'),(68,150,2,'deadlift'),(68,160,3,'deadlift'),(68,0,4,'deadlift'),(69,202,1,'squat'),(69,215,2,'squat'),(69,-225,3,'squat'),(69,0,4,'squat'),(69,112,1,'bench'),(69,120,2,'bench'),(69,-125,3,'bench'),(69,0,4,'bench'),(69,200,1,'deadlift'),(69,220,2,'deadlift'),(69,230,3,'deadlift'),(69,0,4,'deadlift'),(70,230,1,'squat'),(70,250,2,'squat'),(70,265,3,'squat'),(70,0,4,'squat'),(70,150,1,'bench'),(70,160,2,'bench'),(70,170,3,'bench'),(70,0,4,'bench'),(70,290,1,'deadlift'),(70,320,2,'deadlift'),(70,0,3,'deadlift'),(70,0,4,'deadlift'),(71,0,1,'squat'),(71,0,2,'squat'),(71,0,3,'squat'),(71,0,4,'squat'),(71,157,1,'bench'),(71,167,2,'bench'),(71,175,3,'bench'),(71,0,4,'bench'),(71,0,1,'deadlift'),(71,0,2,'deadlift'),(71,0,3,'deadlift'),(71,0,4,'deadlift'),(72,250,1,'squat'),(72,262,2,'squat'),(72,272,3,'squat'),(72,0,4,'squat'),(72,155,1,'bench'),(72,160,2,'bench'),(72,162,3,'bench'),(72,0,4,'bench'),(72,250,1,'deadlift'),(72,265,2,'deadlift'),(72,280,3,'deadlift'),(72,0,4,'deadlift'),(73,-230,1,'squat'),(73,-230,2,'squat'),(73,230,3,'squat'),(73,0,4,'squat'),(73,120,1,'bench'),(73,130,2,'bench'),(73,-135,3,'bench'),(73,0,4,'bench'),(73,0,1,'deadlift'),(73,0,2,'deadlift'),(73,0,3,'deadlift'),(73,0,4,'deadlift'),(74,200,1,'squat'),(74,215,2,'squat'),(74,-217,3,'squat'),(74,0,4,'squat'),(74,145,1,'bench'),(74,155,2,'bench'),(74,-162,3,'bench'),(74,0,4,'bench'),(74,217,1,'deadlift'),(74,230,2,'deadlift'),(74,242,3,'deadlift'),(74,0,4,'deadlift'),(75,165,1,'squat'),(75,175,2,'squat'),(75,182,3,'squat'),(75,0,4,'squat'),(75,100,1,'bench'),(75,107,2,'bench'),(75,-112,3,'bench'),(75,0,4,'bench'),(75,220,1,'deadlift'),(75,237,2,'deadlift'),(75,245,3,'deadlift'),(75,0,4,'deadlift'),(76,235,1,'squat'),(76,250,2,'squat'),(76,260,3,'squat'),(76,0,4,'squat'),(76,140,1,'bench'),(76,147,2,'bench'),(76,-152,3,'bench'),(76,0,4,'bench'),(76,250,1,'deadlift'),(76,265,2,'deadlift'),(76,-275,3,'deadlift'),(76,0,4,'deadlift'),(77,265,1,'squat'),(77,-280,2,'squat'),(77,-280,3,'squat'),(77,0,4,'squat'),(77,145,1,'bench'),(77,155,2,'bench'),(77,-160,3,'bench'),(77,0,4,'bench'),(77,230,1,'deadlift'),(77,250,2,'deadlift'),(77,-260,3,'deadlift'),(77,0,4,'deadlift'),(78,-205,1,'squat'),(78,215,2,'squat'),(78,-225,3,'squat'),(78,0,4,'squat'),(78,130,1,'bench'),(78,135,2,'bench'),(78,140,3,'bench'),(78,0,4,'bench'),(78,220,1,'deadlift'),(78,240,2,'deadlift'),(78,-250,3,'deadlift'),(78,0,4,'deadlift'),(79,-190,1,'squat'),(79,200,2,'squat'),(79,210,3,'squat'),(79,0,4,'squat'),(79,97,1,'bench'),(79,105,2,'bench'),(79,-110,3,'bench'),(79,0,4,'bench'),(79,180,1,'deadlift'),(79,195,2,'deadlift'),(79,-205,3,'deadlift'),(79,0,4,'deadlift'),(80,265,1,'squat'),(80,285,2,'squat'),(80,305,3,'squat'),(80,0,4,'squat'),(80,155,1,'bench'),(80,170,2,'bench'),(80,182,3,'bench'),(80,0,4,'bench'),(80,240,1,'deadlift'),(80,265,2,'deadlift'),(80,280,3,'deadlift'),(80,0,4,'deadlift'),(81,155,1,'squat'),(81,162,2,'squat'),(81,170,3,'squat'),(81,0,4,'squat'),(81,115,1,'bench'),(81,122,2,'bench'),(81,-127,3,'bench'),(81,0,4,'bench'),(81,190,1,'deadlift'),(81,207,2,'deadlift'),(81,215,3,'deadlift'),(81,0,4,'deadlift'),(82,165,1,'squat'),(82,175,2,'squat'),(82,185,3,'squat'),(82,0,4,'squat'),(82,110,1,'bench'),(82,120,2,'bench'),(82,-130,3,'bench'),(82,0,4,'bench'),(82,190,1,'deadlift'),(82,210,2,'deadlift'),(82,220,3,'deadlift'),(82,0,4,'deadlift'),(83,0,1,'squat'),(83,0,2,'squat'),(83,0,3,'squat'),(83,0,4,'squat'),(83,-137,1,'bench'),(83,137,2,'bench'),(83,145,3,'bench'),(83,0,4,'bench'),(83,0,1,'deadlift'),(83,0,2,'deadlift'),(83,0,3,'deadlift'),(83,0,4,'deadlift'),(84,250,1,'squat'),(84,262,2,'squat'),(84,275,3,'squat'),(84,0,4,'squat'),(84,120,1,'bench'),(84,127,2,'bench'),(84,130,3,'bench'),(84,0,4,'bench'),(84,250,1,'deadlift'),(84,265,2,'deadlift'),(84,272,3,'deadlift'),(84,0,4,'deadlift'),(85,90,1,'squat'),(85,100,2,'squat'),(85,105,3,'squat'),(85,0,4,'squat'),(85,67,1,'bench'),(85,72,2,'bench'),(85,75,3,'bench'),(85,0,4,'bench'),(85,155,1,'deadlift'),(85,160,2,'deadlift'),(85,165,3,'deadlift'),(85,0,4,'deadlift'),(86,270,1,'squat'),(86,290,2,'squat'),(86,-305,3,'squat'),(86,0,4,'squat'),(86,185,1,'bench'),(86,195,2,'bench'),(86,-200,3,'bench'),(86,0,4,'bench'),(86,245,1,'deadlift'),(86,265,2,'deadlift'),(86,280,3,'deadlift'),(86,0,4,'deadlift'),(87,200,1,'squat'),(87,220,2,'squat'),(87,240,3,'squat'),(87,0,4,'squat'),(87,160,1,'bench'),(87,175,2,'bench'),(87,-190,3,'bench'),(87,0,4,'bench'),(87,240,1,'deadlift'),(87,260,2,'deadlift'),(87,270,3,'deadlift'),(87,0,4,'deadlift'),(88,230,1,'squat'),(88,242,2,'squat'),(88,250,3,'squat'),(88,0,4,'squat'),(88,140,1,'bench'),(88,147,2,'bench'),(88,-150,3,'bench'),(88,0,4,'bench'),(88,230,1,'deadlift'),(88,-237,2,'deadlift'),(88,-237,3,'deadlift'),(88,0,4,'deadlift'),(89,180,1,'squat'),(89,195,2,'squat'),(89,-210,3,'squat'),(89,0,4,'squat'),(89,115,1,'bench'),(89,122,2,'bench'),(89,-130,3,'bench'),(89,0,4,'bench'),(89,190,1,'deadlift'),(89,205,2,'deadlift'),(89,220,3,'deadlift'),(89,0,4,'deadlift'),(90,195,1,'squat'),(90,207,2,'squat'),(90,-220,3,'squat'),(90,0,4,'squat'),(90,120,1,'bench'),(90,127,2,'bench'),(90,-130,3,'bench'),(90,0,4,'bench'),(90,230,1,'deadlift'),(90,250,2,'deadlift'),(90,-265,3,'deadlift'),(90,0,4,'deadlift'),(91,190,1,'squat'),(91,200,2,'squat'),(91,212,3,'squat'),(91,0,4,'squat'),(91,120,1,'bench'),(91,130,2,'bench'),(91,135,3,'bench'),(91,0,4,'bench'),(91,240,1,'deadlift'),(91,252,2,'deadlift'),(91,265,3,'deadlift'),(91,0,4,'deadlift'),(92,227,1,'squat'),(92,240,2,'squat'),(92,250,3,'squat'),(92,0,4,'squat'),(92,145,1,'bench'),(92,152,2,'bench'),(92,160,3,'bench'),(92,0,4,'bench'),(92,217,1,'deadlift'),(92,230,2,'deadlift'),(92,-240,3,'deadlift'),(92,0,4,'deadlift'),(93,180,1,'squat'),(93,200,2,'squat'),(93,207,3,'squat'),(93,0,4,'squat'),(93,130,1,'bench'),(93,135,2,'bench'),(93,-140,3,'bench'),(93,0,4,'bench'),(93,185,1,'deadlift'),(93,202,2,'deadlift'),(93,215,3,'deadlift'),(93,0,4,'deadlift'),(94,-280,1,'squat'),(94,280,2,'squat'),(94,290,3,'squat'),(94,0,4,'squat'),(94,160,1,'bench'),(94,165,2,'bench'),(94,170,3,'bench'),(94,0,4,'bench'),(94,280,1,'deadlift'),(94,290,2,'deadlift'),(94,295,3,'deadlift'),(94,0,4,'deadlift'),(95,260,1,'squat'),(95,270,2,'squat'),(95,-277,3,'squat'),(95,0,4,'squat'),(95,157,1,'bench'),(95,162,2,'bench'),(95,-167,3,'bench'),(95,0,4,'bench'),(95,245,1,'deadlift'),(95,255,2,'deadlift'),(95,0,3,'deadlift'),(95,0,4,'deadlift'),(96,315,1,'squat'),(96,330,2,'squat'),(96,340,3,'squat'),(96,0,4,'squat'),(96,200,1,'bench'),(96,210,2,'bench'),(96,-215,3,'bench'),(96,0,4,'bench'),(96,310,1,'deadlift'),(96,325,2,'deadlift'),(96,-335,3,'deadlift'),(96,0,4,'deadlift'),(97,210,1,'squat'),(97,222,2,'squat'),(97,-237,3,'squat'),(97,0,4,'squat'),(97,110,1,'bench'),(97,120,2,'bench'),(97,127,3,'bench'),(97,0,4,'bench'),(97,220,1,'deadlift'),(97,235,2,'deadlift'),(97,-250,3,'deadlift'),(97,0,4,'deadlift'),(98,195,1,'squat'),(98,207,2,'squat'),(98,212,3,'squat'),(98,0,4,'squat'),(98,145,1,'bench'),(98,155,2,'bench'),(98,160,3,'bench'),(98,0,4,'bench'),(98,215,1,'deadlift'),(98,227,2,'deadlift'),(98,-242,3,'deadlift'),(98,0,4,'deadlift'),(99,175,1,'squat'),(99,185,2,'squat'),(99,192,3,'squat'),(99,0,4,'squat'),(99,115,1,'bench'),(99,-122,2,'bench'),(99,125,3,'bench'),(99,0,4,'bench'),(99,225,1,'deadlift'),(99,245,2,'deadlift'),(99,260,3,'deadlift'),(99,0,4,'deadlift'),(100,0,1,'squat'),(100,0,2,'squat'),(100,0,3,'squat'),(100,0,4,'squat'),(100,195,1,'bench'),(100,200,2,'bench'),(100,-205,3,'bench'),(100,0,4,'bench'),(100,0,1,'deadlift'),(100,0,2,'deadlift'),(100,0,3,'deadlift'),(100,0,4,'deadlift'),(101,180,1,'squat'),(101,195,2,'squat'),(101,205,3,'squat'),(101,0,4,'squat'),(101,105,1,'bench'),(101,112,2,'bench'),(101,117,3,'bench'),(101,0,4,'bench'),(101,220,1,'deadlift'),(101,232,2,'deadlift'),(101,245,3,'deadlift'),(101,0,4,'deadlift'),(102,145,1,'squat'),(102,152,2,'squat'),(102,157,3,'squat'),(102,0,4,'squat'),(102,100,1,'bench'),(102,105,2,'bench'),(102,-107,3,'bench'),(102,0,4,'bench'),(102,170,1,'deadlift'),(102,180,2,'deadlift'),(102,185,3,'deadlift'),(102,0,4,'deadlift'),(103,202,1,'squat'),(103,212,2,'squat'),(103,222,3,'squat'),(103,0,4,'squat'),(103,127,1,'bench'),(103,-132,2,'bench'),(103,-132,3,'bench'),(103,0,4,'bench'),(103,227,1,'deadlift'),(103,232,2,'deadlift'),(103,-235,3,'deadlift'),(103,0,4,'deadlift'),(104,200,1,'squat'),(104,210,2,'squat'),(104,220,3,'squat'),(104,0,4,'squat'),(104,-125,1,'bench'),(104,-135,2,'bench'),(104,-135,3,'bench'),(104,0,4,'bench'),(104,220,1,'deadlift'),(104,235,2,'deadlift'),(104,-250,3,'deadlift'),(104,0,4,'deadlift'),(105,200,1,'squat'),(105,210,2,'squat'),(105,220,3,'squat'),(105,0,4,'squat'),(105,140,1,'bench'),(105,150,2,'bench'),(105,160,3,'bench'),(105,0,4,'bench'),(105,220,1,'deadlift'),(105,240,2,'deadlift'),(105,255,3,'deadlift'),(105,0,4,'deadlift'),(106,130,1,'squat'),(106,137,2,'squat'),(106,142,3,'squat'),(106,0,4,'squat'),(106,105,1,'bench'),(106,110,2,'bench'),(106,112,3,'bench'),(106,0,4,'bench'),(106,180,1,'deadlift'),(106,190,2,'deadlift'),(106,200,3,'deadlift'),(106,0,4,'deadlift'),(107,145,1,'squat'),(107,155,2,'squat'),(107,165,3,'squat'),(107,0,4,'squat'),(107,125,1,'bench'),(107,130,2,'bench'),(107,-135,3,'bench'),(107,0,4,'bench'),(107,170,1,'deadlift'),(107,180,2,'deadlift'),(107,-185,3,'deadlift'),(107,0,4,'deadlift'),(108,320,1,'squat'),(108,355,2,'squat'),(108,370,3,'squat'),(108,0,4,'squat'),(108,180,1,'bench'),(108,190,2,'bench'),(108,200,3,'bench'),(108,0,4,'bench'),(108,290,1,'deadlift'),(108,310,2,'deadlift'),(108,330,3,'deadlift'),(108,0,4,'deadlift'),(109,245,1,'squat'),(109,260,2,'squat'),(109,270,3,'squat'),(109,0,4,'squat'),(109,130,1,'bench'),(109,140,2,'bench'),(109,-150,3,'bench'),(109,0,4,'bench'),(109,240,1,'deadlift'),(109,260,2,'deadlift'),(109,-275,3,'deadlift'),(109,0,4,'deadlift'),(110,120,1,'squat'),(110,-127,2,'squat'),(110,-127,3,'squat'),(110,0,4,'squat'),(110,65,1,'bench'),(110,-70,2,'bench'),(110,-70,3,'bench'),(110,0,4,'bench'),(110,110,1,'deadlift'),(110,-117,2,'deadlift'),(110,-117,3,'deadlift'),(110,0,4,'deadlift'),(111,120,1,'squat'),(111,130,2,'squat'),(111,135,3,'squat'),(111,0,4,'squat'),(111,62,1,'bench'),(111,70,2,'bench'),(111,-75,3,'bench'),(111,0,4,'bench'),(111,130,1,'deadlift'),(111,140,2,'deadlift'),(111,145,3,'deadlift'),(111,0,4,'deadlift'),(112,112,1,'squat'),(112,120,2,'squat'),(112,125,3,'squat'),(112,0,4,'squat'),(112,70,1,'bench'),(112,-75,2,'bench'),(112,-75,3,'bench'),(112,0,4,'bench'),(112,147,1,'deadlift'),(112,-155,2,'deadlift'),(112,155,3,'deadlift'),(112,0,4,'deadlift'),(113,95,1,'squat'),(113,105,2,'squat'),(113,-112,3,'squat'),(113,0,4,'squat'),(113,60,1,'bench'),(113,-65,2,'bench'),(113,65,3,'bench'),(113,0,4,'bench'),(113,115,1,'deadlift'),(113,125,2,'deadlift'),(113,-130,3,'deadlift'),(113,0,4,'deadlift'),(114,190,1,'squat'),(114,200,2,'squat'),(114,-207,3,'squat'),(114,0,4,'squat'),(114,72,1,'bench'),(114,77,2,'bench'),(114,-80,3,'bench'),(114,0,4,'bench'),(114,180,1,'deadlift'),(114,192,2,'deadlift'),(114,-205,3,'deadlift'),(114,0,4,'deadlift'),(115,130,1,'squat'),(115,-142,2,'squat'),(115,142,3,'squat'),(115,0,4,'squat'),(115,57,1,'bench'),(115,-65,2,'bench'),(115,65,3,'bench'),(115,0,4,'bench'),(115,147,1,'deadlift'),(115,157,2,'deadlift'),(115,162,3,'deadlift'),(115,0,4,'deadlift'),(116,-130,1,'squat'),(116,135,2,'squat'),(116,140,3,'squat'),(116,0,4,'squat'),(116,75,1,'bench'),(116,-80,2,'bench'),(116,-80,3,'bench'),(116,0,4,'bench'),(116,130,1,'deadlift'),(116,140,2,'deadlift'),(116,150,3,'deadlift'),(116,0,4,'deadlift'),(117,90,1,'squat'),(117,97,2,'squat'),(117,-105,3,'squat'),(117,0,4,'squat'),(117,40,1,'bench'),(117,42,2,'bench'),(117,-45,3,'bench'),(117,0,4,'bench'),(117,117,1,'deadlift'),(117,130,2,'deadlift'),(117,-140,3,'deadlift'),(117,0,4,'deadlift'),(118,100,1,'squat'),(118,-110,2,'squat'),(118,110,3,'squat'),(118,0,4,'squat'),(118,67,1,'bench'),(118,-70,2,'bench'),(118,-70,3,'bench'),(118,0,4,'bench'),(118,120,1,'deadlift'),(118,127,2,'deadlift'),(118,-132,3,'deadlift'),(118,0,4,'deadlift'),(119,150,1,'squat'),(119,162,2,'squat'),(119,170,3,'squat'),(119,0,4,'squat'),(119,87,1,'bench'),(119,95,2,'bench'),(119,100,3,'bench'),(119,0,4,'bench'),(119,180,1,'deadlift'),(119,192,2,'deadlift'),(119,202,3,'deadlift'),(119,0,4,'deadlift'),(120,190,1,'squat'),(120,-202,2,'squat'),(120,-202,3,'squat'),(120,0,4,'squat'),(120,90,1,'bench'),(120,-92,2,'bench'),(120,-92,3,'bench'),(120,0,4,'bench'),(120,170,1,'deadlift'),(120,180,2,'deadlift'),(120,-187,3,'deadlift'),(120,0,4,'deadlift'),(121,105,1,'squat'),(121,115,2,'squat'),(121,-120,3,'squat'),(121,0,4,'squat'),(121,57,1,'bench'),(121,-62,2,'bench'),(121,-62,3,'bench'),(121,0,4,'bench'),(121,127,1,'deadlift'),(121,137,2,'deadlift'),(121,142,3,'deadlift'),(121,0,4,'deadlift'),(122,110,1,'squat'),(122,120,2,'squat'),(122,-125,3,'squat'),(122,0,4,'squat'),(122,55,1,'bench'),(122,57,2,'bench'),(122,60,3,'bench'),(122,0,4,'bench'),(122,130,1,'deadlift'),(122,-142,2,'deadlift'),(122,142,3,'deadlift'),(122,0,4,'deadlift'),(123,105,1,'squat'),(123,-112,2,'squat'),(123,-112,3,'squat'),(123,0,4,'squat'),(123,52,1,'bench'),(123,-57,2,'bench'),(123,-57,3,'bench'),(123,0,4,'bench'),(123,120,1,'deadlift'),(123,127,2,'deadlift'),(123,-132,3,'deadlift'),(123,0,4,'deadlift'),(124,160,1,'squat'),(124,-172,2,'squat'),(124,-172,3,'squat'),(124,0,4,'squat'),(124,95,1,'bench'),(124,102,2,'bench'),(124,-107,3,'bench'),(124,0,4,'bench'),(124,165,1,'deadlift'),(124,-177,2,'deadlift'),(124,-187,3,'deadlift'),(124,0,4,'deadlift'),(125,110,1,'squat'),(125,125,2,'squat'),(125,-135,3,'squat'),(125,0,4,'squat'),(125,55,1,'bench'),(125,-57,2,'bench'),(125,-57,3,'bench'),(125,0,4,'bench'),(125,-105,1,'deadlift'),(125,115,2,'deadlift'),(125,-120,3,'deadlift'),(125,0,4,'deadlift'),(126,100,1,'squat'),(126,107,2,'squat'),(126,-115,3,'squat'),(126,0,4,'squat'),(126,50,1,'bench'),(126,-55,2,'bench'),(126,55,3,'bench'),(126,0,4,'bench'),(126,115,1,'deadlift'),(126,130,2,'deadlift'),(126,-137,3,'deadlift'),(126,0,4,'deadlift'),(127,150,1,'squat'),(127,162,2,'squat'),(127,-170,3,'squat'),(127,0,4,'squat'),(127,82,1,'bench'),(127,-90,2,'bench'),(127,-90,3,'bench'),(127,0,4,'bench'),(127,160,1,'deadlift'),(127,175,2,'deadlift'),(127,-177,3,'deadlift'),(127,0,4,'deadlift'),(128,165,1,'squat'),(128,-170,2,'squat'),(128,-170,3,'squat'),(128,0,4,'squat'),(128,100,1,'bench'),(128,-105,2,'bench'),(128,-105,3,'bench'),(128,0,4,'bench'),(128,180,1,'deadlift'),(128,190,2,'deadlift'),(128,-202,3,'deadlift'),(128,0,4,'deadlift'),(129,85,1,'squat'),(129,95,2,'squat'),(129,-105,3,'squat'),(129,0,4,'squat'),(129,37,1,'bench'),(129,42,2,'bench'),(129,-47,3,'bench'),(129,0,4,'bench'),(129,125,1,'deadlift'),(129,135,2,'deadlift'),(129,-142,3,'deadlift'),(129,0,4,'deadlift'),(130,150,1,'squat'),(130,160,2,'squat'),(130,170,3,'squat'),(130,0,4,'squat'),(130,80,1,'bench'),(130,-87,2,'bench'),(130,-87,3,'bench'),(130,0,4,'bench'),(130,150,1,'deadlift'),(130,160,2,'deadlift'),(130,-167,3,'deadlift'),(130,0,4,'deadlift'),(131,117,1,'squat'),(131,125,2,'squat'),(131,130,3,'squat'),(131,0,4,'squat'),(131,-70,1,'bench'),(131,70,2,'bench'),(131,-75,3,'bench'),(131,0,4,'bench'),(131,152,1,'deadlift'),(131,162,2,'deadlift'),(131,170,3,'deadlift'),(131,0,4,'deadlift'),(132,125,1,'squat'),(132,135,2,'squat'),(132,140,3,'squat'),(132,0,4,'squat'),(132,70,1,'bench'),(132,-77,2,'bench'),(132,-77,3,'bench'),(132,0,4,'bench'),(132,127,1,'deadlift'),(132,135,2,'deadlift'),(132,140,3,'deadlift'),(132,0,4,'deadlift'),(133,120,1,'squat'),(133,-127,2,'squat'),(133,-130,3,'squat'),(133,0,4,'squat'),(133,85,1,'bench'),(133,-90,2,'bench'),(133,-90,3,'bench'),(133,0,4,'bench'),(133,145,1,'deadlift'),(133,152,2,'deadlift'),(133,157,3,'deadlift'),(133,0,4,'deadlift'),(134,95,1,'squat'),(134,-102,2,'squat'),(134,-105,3,'squat'),(134,0,4,'squat'),(134,45,1,'bench'),(134,50,2,'bench'),(134,-55,3,'bench'),(134,0,4,'bench'),(134,125,1,'deadlift'),(134,-135,2,'deadlift'),(134,135,3,'deadlift'),(134,0,4,'deadlift'),(135,90,1,'squat'),(135,97,2,'squat'),(135,105,3,'squat'),(135,0,4,'squat'),(135,37,1,'bench'),(135,40,2,'bench'),(135,-45,3,'bench'),(135,0,4,'bench'),(135,100,1,'deadlift'),(135,110,2,'deadlift'),(135,112,3,'deadlift'),(135,0,4,'deadlift'),(136,112,1,'squat'),(136,-122,2,'squat'),(136,130,3,'squat'),(136,0,4,'squat'),(136,55,1,'bench'),(136,57,2,'bench'),(136,-60,3,'bench'),(136,0,4,'bench'),(136,147,1,'deadlift'),(136,-155,2,'deadlift'),(136,155,3,'deadlift'),(136,0,4,'deadlift'),(137,110,1,'squat'),(137,120,2,'squat'),(137,-130,3,'squat'),(137,0,4,'squat'),(137,65,1,'bench'),(137,-75,2,'bench'),(137,-75,3,'bench'),(137,0,4,'bench'),(137,147,1,'deadlift'),(137,155,2,'deadlift'),(137,-162,3,'deadlift'),(137,0,4,'deadlift'),(138,-125,1,'squat'),(138,125,2,'squat'),(138,-130,3,'squat'),(138,0,4,'squat'),(138,55,1,'bench'),(138,-65,2,'bench'),(138,-65,3,'bench'),(138,0,4,'bench'),(138,125,1,'deadlift'),(138,135,2,'deadlift'),(138,-140,3,'deadlift'),(138,0,4,'deadlift'),(139,100,1,'squat'),(139,110,2,'squat'),(139,115,3,'squat'),(139,0,4,'squat'),(139,-52,1,'bench'),(139,52,2,'bench'),(139,57,3,'bench'),(139,0,4,'bench'),(139,120,1,'deadlift'),(139,130,2,'deadlift'),(139,-137,3,'deadlift'),(139,0,4,'deadlift'),(140,100,1,'squat'),(140,-110,2,'squat'),(140,115,3,'squat'),(140,0,4,'squat'),(140,40,1,'bench'),(140,45,2,'bench'),(140,-50,3,'bench'),(140,0,4,'bench'),(140,115,1,'deadlift'),(140,125,2,'deadlift'),(140,-130,3,'deadlift'),(140,0,4,'deadlift'),(141,92,1,'squat'),(141,105,2,'squat'),(141,110,3,'squat'),(141,0,4,'squat'),(141,-60,1,'bench'),(141,-67,2,'bench'),(141,-67,3,'bench'),(141,0,4,'bench'),(141,110,1,'deadlift'),(141,125,2,'deadlift'),(141,140,3,'deadlift'),(141,0,4,'deadlift'),(142,110,1,'squat'),(142,117,2,'squat'),(142,122,3,'squat'),(142,0,4,'squat'),(142,60,1,'bench'),(142,65,2,'bench'),(142,-70,3,'bench'),(142,0,4,'bench'),(142,135,1,'deadlift'),(142,145,2,'deadlift'),(142,-152,3,'deadlift'),(142,0,4,'deadlift'),(143,-70,1,'squat'),(143,-70,2,'squat'),(143,-70,3,'squat'),(143,0,4,'squat'),(143,37,1,'bench'),(143,40,2,'bench'),(143,-45,3,'bench'),(143,0,4,'bench'),(143,70,1,'deadlift'),(143,80,2,'deadlift'),(143,90,3,'deadlift'),(143,0,4,'deadlift'),(144,-110,1,'squat'),(144,110,2,'squat'),(144,120,3,'squat'),(144,0,4,'squat'),(144,80,1,'bench'),(144,82,2,'bench'),(144,-85,3,'bench'),(144,0,4,'bench'),(144,130,1,'deadlift'),(144,140,2,'deadlift'),(144,-145,3,'deadlift'),(144,0,4,'deadlift'),(145,120,1,'squat'),(145,130,2,'squat'),(145,140,3,'squat'),(145,0,4,'squat'),(145,55,1,'bench'),(145,60,2,'bench'),(145,0,3,'bench'),(145,0,4,'bench'),(145,125,1,'deadlift'),(145,137,2,'deadlift'),(145,142,3,'deadlift'),(145,0,4,'deadlift'),(146,50,1,'squat'),(146,-55,2,'squat'),(146,55,3,'squat'),(146,0,4,'squat'),(146,35,1,'bench'),(146,-40,2,'bench'),(146,-40,3,'bench'),(146,0,4,'bench'),(146,60,1,'deadlift'),(146,80,2,'deadlift'),(146,-90,3,'deadlift'),(146,0,4,'deadlift'),(147,122,1,'squat'),(147,130,2,'squat'),(147,137,3,'squat'),(147,0,4,'squat'),(147,65,1,'bench'),(147,70,2,'bench'),(147,-75,3,'bench'),(147,0,4,'bench'),(147,150,1,'deadlift'),(147,160,2,'deadlift'),(147,-167,3,'deadlift'),(147,0,4,'deadlift'),(148,85,1,'squat'),(148,92,2,'squat'),(148,97,3,'squat'),(148,0,4,'squat'),(148,50,1,'bench'),(148,-52,2,'bench'),(148,-52,3,'bench'),(148,0,4,'bench'),(148,115,1,'deadlift'),(148,120,2,'deadlift'),(148,122,3,'deadlift'),(148,0,4,'deadlift'),(149,105,1,'squat'),(149,112,2,'squat'),(149,120,3,'squat'),(149,0,4,'squat'),(149,70,1,'bench'),(149,75,2,'bench'),(149,80,3,'bench'),(149,82,4,'bench'),(149,117,1,'deadlift'),(149,127,2,'deadlift'),(149,142,3,'deadlift'),(149,0,4,'deadlift'),(150,125,1,'squat'),(150,135,2,'squat'),(150,140,3,'squat'),(150,0,4,'squat'),(150,60,1,'bench'),(150,65,2,'bench'),(150,70,3,'bench'),(150,0,4,'bench'),(150,140,1,'deadlift'),(150,150,2,'deadlift'),(150,160,3,'deadlift'),(150,0,4,'deadlift'),(151,120,1,'squat'),(151,130,2,'squat'),(151,-135,3,'squat'),(151,0,4,'squat'),(151,55,1,'bench'),(151,57,2,'bench'),(151,-60,3,'bench'),(151,0,4,'bench'),(151,130,1,'deadlift'),(151,137,2,'deadlift'),(151,-142,3,'deadlift'),(151,0,4,'deadlift'),(152,-135,1,'squat'),(152,140,2,'squat'),(152,145,3,'squat'),(152,0,4,'squat'),(152,62,1,'bench'),(152,67,2,'bench'),(152,-70,3,'bench'),(152,0,4,'bench'),(152,137,1,'deadlift'),(152,150,2,'deadlift'),(152,155,3,'deadlift'),(152,0,4,'deadlift'),(153,160,1,'squat'),(153,172,2,'squat'),(153,180,3,'squat'),(153,0,4,'squat'),(153,85,1,'bench'),(153,90,2,'bench'),(153,-95,3,'bench'),(153,0,4,'bench'),(153,160,1,'deadlift'),(153,172,2,'deadlift'),(153,180,3,'deadlift'),(153,0,4,'deadlift'),(154,120,1,'squat'),(154,127,2,'squat'),(154,135,3,'squat'),(154,0,4,'squat'),(154,65,1,'bench'),(154,70,2,'bench'),(154,-77,3,'bench'),(154,0,4,'bench'),(154,120,1,'deadlift'),(154,130,2,'deadlift'),(154,140,3,'deadlift'),(154,0,4,'deadlift'),(155,-100,1,'squat'),(155,100,2,'squat'),(155,115,3,'squat'),(155,0,4,'squat'),(155,65,1,'bench'),(155,70,2,'bench'),(155,-75,3,'bench'),(155,0,4,'bench'),(155,60,1,'deadlift'),(155,0,2,'deadlift'),(155,0,3,'deadlift'),(155,0,4,'deadlift'),(156,110,1,'squat'),(156,125,2,'squat'),(156,-135,3,'squat'),(156,0,4,'squat'),(156,80,1,'bench'),(156,90,2,'bench'),(156,-100,3,'bench'),(156,0,4,'bench'),(156,153,1,'deadlift'),(156,160,2,'deadlift'),(156,170,3,'deadlift'),(156,175,4,'deadlift'),(157,150,1,'squat'),(157,157,2,'squat'),(157,165,3,'squat'),(157,0,4,'squat'),(157,72,1,'bench'),(157,77,2,'bench'),(157,80,3,'bench'),(157,0,4,'bench'),(157,172,1,'deadlift'),(157,182,2,'deadlift'),(157,-185,3,'deadlift'),(157,0,4,'deadlift'),(158,125,1,'squat'),(158,135,2,'squat'),(158,-145,3,'squat'),(158,0,4,'squat'),(158,70,1,'bench'),(158,-75,2,'bench'),(158,75,3,'bench'),(158,0,4,'bench'),(158,125,1,'deadlift'),(158,135,2,'deadlift'),(158,140,3,'deadlift'),(158,0,4,'deadlift'),(159,70,1,'squat'),(159,-77,2,'squat'),(159,0,3,'squat'),(159,0,4,'squat'),(159,45,1,'bench'),(159,47,2,'bench'),(159,50,3,'bench'),(159,0,4,'bench'),(159,90,1,'deadlift'),(159,100,2,'deadlift'),(159,107,3,'deadlift'),(159,0,4,'deadlift'),(160,120,1,'squat'),(160,130,2,'squat'),(160,-137,3,'squat'),(160,0,4,'squat'),(160,-55,1,'bench'),(160,55,2,'bench'),(160,-60,3,'bench'),(160,0,4,'bench'),(160,125,1,'deadlift'),(160,135,2,'deadlift'),(160,-140,3,'deadlift'),(160,0,4,'deadlift'),(161,-180,1,'squat'),(161,180,2,'squat'),(161,195,3,'squat'),(161,0,4,'squat'),(161,75,1,'bench'),(161,82,2,'bench'),(161,-85,3,'bench'),(161,0,4,'bench'),(161,180,1,'deadlift'),(161,190,2,'deadlift'),(161,-202,3,'deadlift'),(161,0,4,'deadlift'),(162,90,1,'squat'),(162,100,2,'squat'),(162,-105,3,'squat'),(162,0,4,'squat'),(162,45,1,'bench'),(162,-50,2,'bench'),(162,50,3,'bench'),(162,0,4,'bench'),(162,-110,1,'deadlift'),(162,120,2,'deadlift'),(162,130,3,'deadlift'),(162,0,4,'deadlift'),(163,-200,1,'squat'),(163,200,2,'squat'),(163,220,3,'squat'),(163,0,4,'squat'),(163,65,1,'bench'),(163,70,2,'bench'),(163,75,3,'bench'),(163,0,4,'bench'),(163,180,1,'deadlift'),(163,192,2,'deadlift'),(163,200,3,'deadlift'),(163,-210,4,'deadlift'),(164,140,1,'squat'),(164,155,2,'squat'),(164,170,3,'squat'),(164,0,4,'squat'),(164,62,1,'bench'),(164,70,2,'bench'),(164,77,3,'bench'),(164,0,4,'bench'),(164,140,1,'deadlift'),(164,152,2,'deadlift'),(164,165,3,'deadlift'),(164,0,4,'deadlift'),(165,100,1,'squat'),(165,105,2,'squat'),(165,-110,3,'squat'),(165,0,4,'squat'),(165,52,1,'bench'),(165,-55,2,'bench'),(165,55,3,'bench'),(165,0,4,'bench'),(165,100,1,'deadlift'),(165,105,2,'deadlift'),(165,107,3,'deadlift'),(165,0,4,'deadlift'),(166,85,1,'squat'),(166,-95,2,'squat'),(166,-100,3,'squat'),(166,0,4,'squat'),(166,40,1,'bench'),(166,-45,2,'bench'),(166,45,3,'bench'),(166,0,4,'bench'),(166,80,1,'deadlift'),(166,90,2,'deadlift'),(166,100,3,'deadlift'),(166,0,4,'deadlift'),(167,135,1,'squat'),(167,142,2,'squat'),(167,150,3,'squat'),(167,0,4,'squat'),(167,65,1,'bench'),(167,-70,2,'bench'),(167,70,3,'bench'),(167,0,4,'bench'),(167,140,1,'deadlift'),(167,150,2,'deadlift'),(167,-155,3,'deadlift'),(167,0,4,'deadlift'),(168,135,1,'squat'),(168,145,2,'squat'),(168,150,3,'squat'),(168,0,4,'squat'),(168,90,1,'bench'),(168,95,2,'bench'),(168,-97,3,'bench'),(168,0,4,'bench'),(168,120,1,'deadlift'),(168,135,2,'deadlift'),(168,-140,3,'deadlift'),(168,0,4,'deadlift'),(169,85,1,'squat'),(169,90,2,'squat'),(169,95,3,'squat'),(169,0,4,'squat'),(169,-52,1,'bench'),(169,-57,2,'bench'),(169,-57,3,'bench'),(169,0,4,'bench'),(169,105,1,'deadlift'),(169,115,2,'deadlift'),(169,117,3,'deadlift'),(169,0,4,'deadlift'),(170,75,1,'squat'),(170,85,2,'squat'),(170,95,3,'squat'),(170,0,4,'squat'),(170,40,1,'bench'),(170,45,2,'bench'),(170,-50,3,'bench'),(170,0,4,'bench'),(170,105,1,'deadlift'),(170,115,2,'deadlift'),(170,120,3,'deadlift'),(170,0,4,'deadlift'),(171,107,1,'squat'),(171,120,2,'squat'),(171,-127,3,'squat'),(171,0,4,'squat'),(171,55,1,'bench'),(171,60,2,'bench'),(171,-65,3,'bench'),(171,0,4,'bench'),(171,125,1,'deadlift'),(171,137,2,'deadlift'),(171,147,3,'deadlift'),(171,0,4,'deadlift'),(172,120,1,'squat'),(172,130,2,'squat'),(172,140,3,'squat'),(172,0,4,'squat'),(172,57,1,'bench'),(172,65,2,'bench'),(172,-67,3,'bench'),(172,0,4,'bench'),(172,135,1,'deadlift'),(172,145,2,'deadlift'),(172,-152,3,'deadlift'),(172,0,4,'deadlift'),(173,70,1,'squat'),(173,75,2,'squat'),(173,-80,3,'squat'),(173,0,4,'squat'),(173,50,1,'bench'),(173,-52,2,'bench'),(173,-52,3,'bench'),(173,0,4,'bench'),(173,100,1,'deadlift'),(173,105,2,'deadlift'),(173,-110,3,'deadlift'),(173,0,4,'deadlift'),(174,62,1,'squat'),(174,65,2,'squat'),(174,-70,3,'squat'),(174,0,4,'squat'),(174,37,1,'bench'),(174,-42,2,'bench'),(174,-42,3,'bench'),(174,0,4,'bench'),(174,67,1,'deadlift'),(174,70,2,'deadlift'),(174,75,3,'deadlift'),(174,0,4,'deadlift'),(175,117,1,'squat'),(175,-125,2,'squat'),(175,127,3,'squat'),(175,0,4,'squat'),(175,65,1,'bench'),(175,70,2,'bench'),(175,-72,3,'bench'),(175,0,4,'bench'),(175,150,1,'deadlift'),(175,160,2,'deadlift'),(175,-165,3,'deadlift'),(175,0,4,'deadlift'),(176,160,1,'squat'),(176,-167,2,'squat'),(176,-167,3,'squat'),(176,0,4,'squat'),(176,77,1,'bench'),(176,82,2,'bench'),(176,-87,3,'bench'),(176,0,4,'bench'),(176,-185,1,'deadlift'),(176,185,2,'deadlift'),(176,-190,3,'deadlift'),(176,0,4,'deadlift'),(177,-80,1,'squat'),(177,80,2,'squat'),(177,-95,3,'squat'),(177,0,4,'squat'),(177,57,1,'bench'),(177,-62,2,'bench'),(177,-62,3,'bench'),(177,0,4,'bench'),(177,122,1,'deadlift'),(177,132,2,'deadlift'),(177,140,3,'deadlift'),(177,0,4,'deadlift'),(178,80,1,'squat'),(178,90,2,'squat'),(178,100,3,'squat'),(178,0,4,'squat'),(178,65,1,'bench'),(178,-70,2,'bench'),(178,-70,3,'bench'),(178,0,4,'bench'),(178,110,1,'deadlift'),(178,120,2,'deadlift'),(178,130,3,'deadlift'),(178,0,4,'deadlift'),(179,135,1,'squat'),(179,-140,2,'squat'),(179,-140,3,'squat'),(179,0,4,'squat'),(179,85,1,'bench'),(179,-90,2,'bench'),(179,-90,3,'bench'),(179,0,4,'bench'),(179,150,1,'deadlift'),(179,-160,2,'deadlift'),(179,-160,3,'deadlift'),(179,0,4,'deadlift'),(180,80,1,'squat'),(180,90,2,'squat'),(180,100,3,'squat'),(180,0,4,'squat'),(180,37,1,'bench'),(180,42,2,'bench'),(180,-47,3,'bench'),(180,0,4,'bench'),(180,110,1,'deadlift'),(180,120,2,'deadlift'),(180,127,3,'deadlift'),(180,0,4,'deadlift'),(181,92,1,'squat'),(181,100,2,'squat'),(181,105,3,'squat'),(181,0,4,'squat'),(181,40,1,'bench'),(181,42,2,'bench'),(181,45,3,'bench'),(181,0,4,'bench'),(181,120,1,'deadlift'),(181,130,2,'deadlift'),(181,-137,3,'deadlift'),(181,0,4,'deadlift'),(182,150,1,'squat'),(182,-165,2,'squat'),(182,165,3,'squat'),(182,177,4,'squat'),(182,70,1,'bench'),(182,75,2,'bench'),(182,-77,3,'bench'),(182,0,4,'bench'),(182,160,1,'deadlift'),(182,170,2,'deadlift'),(182,175,3,'deadlift'),(182,0,4,'deadlift'),(183,105,1,'squat'),(183,-115,2,'squat'),(183,-115,3,'squat'),(183,0,4,'squat'),(183,52,1,'bench'),(183,-57,2,'bench'),(183,-57,3,'bench'),(183,0,4,'bench'),(183,140,1,'deadlift'),(183,-156,2,'deadlift'),(183,-157,3,'deadlift'),(183,0,4,'deadlift'),(184,175,1,'squat'),(184,190,2,'squat'),(184,195,3,'squat'),(184,0,4,'squat'),(184,105,1,'bench'),(184,112,2,'bench'),(184,-120,3,'bench'),(184,0,4,'bench'),(184,160,1,'deadlift'),(184,172,2,'deadlift'),(184,-180,3,'deadlift'),(184,0,4,'deadlift'),(185,140,1,'squat'),(185,150,2,'squat'),(185,-160,3,'squat'),(185,0,4,'squat'),(185,-65,1,'bench'),(185,-70,2,'bench'),(185,-70,3,'bench'),(185,0,4,'bench'),(185,135,1,'deadlift'),(185,150,2,'deadlift'),(185,160,3,'deadlift'),(185,0,4,'deadlift'),(186,110,1,'squat'),(186,115,2,'squat'),(186,117,3,'squat'),(186,0,4,'squat'),(186,52,1,'bench'),(186,-57,2,'bench'),(186,-57,3,'bench'),(186,0,4,'bench'),(186,130,1,'deadlift'),(186,142,2,'deadlift'),(186,150,3,'deadlift'),(186,0,4,'deadlift'),(187,200,1,'squat'),(187,212,2,'squat'),(187,-220,3,'squat'),(187,0,4,'squat'),(187,90,1,'bench'),(187,-95,2,'bench'),(187,-95,3,'bench'),(187,0,4,'bench'),(187,170,1,'deadlift'),(187,182,2,'deadlift'),(187,-202,3,'deadlift'),(187,0,4,'deadlift'),(188,137,1,'squat'),(188,150,2,'squat'),(188,155,3,'squat'),(188,0,4,'squat'),(188,62,1,'bench'),(188,70,2,'bench'),(188,-72,3,'bench'),(188,0,4,'bench'),(188,127,1,'deadlift'),(188,140,2,'deadlift'),(188,147,3,'deadlift'),(188,0,4,'deadlift'),(189,117,1,'squat'),(189,125,2,'squat'),(189,130,3,'squat'),(189,0,4,'squat'),(189,55,1,'bench'),(189,-57,2,'bench'),(189,-57,3,'bench'),(189,0,4,'bench'),(189,127,1,'deadlift'),(189,140,2,'deadlift'),(189,145,3,'deadlift'),(189,-147,4,'deadlift'),(190,90,1,'squat'),(190,95,2,'squat'),(190,97,3,'squat'),(190,0,4,'squat'),(190,52,1,'bench'),(190,55,2,'bench'),(190,57,3,'bench'),(190,0,4,'bench'),(190,105,1,'deadlift'),(190,112,2,'deadlift'),(190,120,3,'deadlift'),(190,0,4,'deadlift'),(191,142,1,'squat'),(191,157,2,'squat'),(191,-167,3,'squat'),(191,0,4,'squat'),(191,72,1,'bench'),(191,80,2,'bench'),(191,-82,3,'bench'),(191,0,4,'bench'),(191,142,1,'deadlift'),(191,155,2,'deadlift'),(191,167,3,'deadlift'),(191,0,4,'deadlift'),(192,115,1,'squat'),(192,122,2,'squat'),(192,-130,3,'squat'),(192,0,4,'squat'),(192,70,1,'bench'),(192,72,2,'bench'),(192,-75,3,'bench'),(192,0,4,'bench'),(192,130,1,'deadlift'),(192,140,2,'deadlift'),(192,147,3,'deadlift'),(192,0,4,'deadlift'),(193,-160,1,'squat'),(193,160,2,'squat'),(193,170,3,'squat'),(193,0,4,'squat'),(193,77,1,'bench'),(193,82,2,'bench'),(193,-85,3,'bench'),(193,0,4,'bench'),(193,155,1,'deadlift'),(193,167,2,'deadlift'),(193,170,3,'deadlift'),(193,0,4,'deadlift'),(194,120,1,'squat'),(194,140,2,'squat'),(194,-150,3,'squat'),(194,0,4,'squat'),(194,60,1,'bench'),(194,-70,2,'bench'),(194,-70,3,'bench'),(194,0,4,'bench'),(194,150,1,'deadlift'),(194,170,2,'deadlift'),(194,180,3,'deadlift'),(194,0,4,'deadlift'),(195,115,1,'squat'),(195,-122,2,'squat'),(195,122,3,'squat'),(195,0,4,'squat'),(195,55,1,'bench'),(195,60,2,'bench'),(195,-62,3,'bench'),(195,0,4,'bench'),(195,132,1,'deadlift'),(195,-140,2,'deadlift'),(195,-140,3,'deadlift'),(195,0,4,'deadlift'),(196,100,1,'squat'),(196,110,2,'squat'),(196,115,3,'squat'),(196,0,4,'squat'),(196,60,1,'bench'),(196,65,2,'bench'),(196,70,3,'bench'),(196,-73,4,'bench'),(196,115,1,'deadlift'),(196,125,2,'deadlift'),(196,135,3,'deadlift'),(196,0,4,'deadlift'),(197,90,1,'squat'),(197,97,2,'squat'),(197,102,3,'squat'),(197,0,4,'squat'),(197,45,1,'bench'),(197,50,2,'bench'),(197,-52,3,'bench'),(197,0,4,'bench'),(197,100,1,'deadlift'),(197,105,2,'deadlift'),(197,110,3,'deadlift'),(197,0,4,'deadlift'),(198,-65,1,'squat'),(198,70,2,'squat'),(198,75,3,'squat'),(198,0,4,'squat'),(198,27,1,'bench'),(198,30,2,'bench'),(198,-32,3,'bench'),(198,0,4,'bench'),(198,95,1,'deadlift'),(198,102,2,'deadlift'),(198,110,3,'deadlift'),(198,0,4,'deadlift'),(199,80,1,'squat'),(199,87,2,'squat'),(199,-95,3,'squat'),(199,0,4,'squat'),(199,60,1,'bench'),(199,65,2,'bench'),(199,-67,3,'bench'),(199,0,4,'bench'),(199,110,1,'deadlift'),(199,117,2,'deadlift'),(199,-122,3,'deadlift'),(199,0,4,'deadlift'),(200,100,1,'squat'),(200,-110,2,'squat'),(200,-112,3,'squat'),(200,0,4,'squat'),(200,-42,1,'bench'),(200,-47,2,'bench'),(200,47,3,'bench'),(200,0,4,'bench'),(200,100,1,'deadlift'),(200,-110,2,'deadlift'),(200,110,3,'deadlift'),(200,0,4,'deadlift'),(201,-120,1,'squat'),(201,130,2,'squat'),(201,145,3,'squat'),(201,0,4,'squat'),(201,85,1,'bench'),(201,90,2,'bench'),(201,-95,3,'bench'),(201,0,4,'bench'),(201,120,1,'deadlift'),(201,130,2,'deadlift'),(201,140,3,'deadlift'),(201,0,4,'deadlift'),(202,100,1,'squat'),(202,110,2,'squat'),(202,-120,3,'squat'),(202,0,4,'squat'),(202,45,1,'bench'),(202,-50,2,'bench'),(202,-50,3,'bench'),(202,0,4,'bench'),(202,110,1,'deadlift'),(202,120,2,'deadlift'),(202,-130,3,'deadlift'),(202,0,4,'deadlift'),(203,80,1,'squat'),(203,90,2,'squat'),(203,95,3,'squat'),(203,0,4,'squat'),(203,37,1,'bench'),(203,42,2,'bench'),(203,45,3,'bench'),(203,0,4,'bench'),(203,105,1,'deadlift'),(203,115,2,'deadlift'),(203,-120,3,'deadlift'),(203,0,4,'deadlift'),(204,100,1,'squat'),(204,110,2,'squat'),(204,-117,3,'squat'),(204,0,4,'squat'),(204,52,1,'bench'),(204,-57,2,'bench'),(204,-57,3,'bench'),(204,0,4,'bench'),(204,140,1,'deadlift'),(204,150,2,'deadlift'),(204,155,3,'deadlift'),(204,0,4,'deadlift'),(205,60,1,'squat'),(205,0,2,'squat'),(205,0,3,'squat'),(205,0,4,'squat'),(205,50,1,'bench'),(205,-55,2,'bench'),(205,55,3,'bench'),(205,0,4,'bench'),(205,135,1,'deadlift'),(205,150,2,'deadlift'),(205,-155,3,'deadlift'),(205,0,4,'deadlift'),(206,100,1,'squat'),(206,110,2,'squat'),(206,-120,3,'squat'),(206,0,4,'squat'),(206,55,1,'bench'),(206,60,2,'bench'),(206,-65,3,'bench'),(206,0,4,'bench'),(206,105,1,'deadlift'),(206,112,2,'deadlift'),(206,120,3,'deadlift'),(206,0,4,'deadlift'),(207,110,1,'squat'),(207,-117,2,'squat'),(207,117,3,'squat'),(207,0,4,'squat'),(207,45,1,'bench'),(207,-50,2,'bench'),(207,50,3,'bench'),(207,0,4,'bench'),(207,115,1,'deadlift'),(207,122,2,'deadlift'),(207,-130,3,'deadlift'),(207,0,4,'deadlift'),(208,130,1,'squat'),(208,140,2,'squat'),(208,145,3,'squat'),(208,0,4,'squat'),(208,55,1,'bench'),(208,-60,2,'bench'),(208,-62,3,'bench'),(208,0,4,'bench'),(208,-150,1,'deadlift'),(208,155,2,'deadlift'),(208,-162,3,'deadlift'),(208,0,4,'deadlift'),(209,135,1,'squat'),(209,150,2,'squat'),(209,-157,3,'squat'),(209,0,4,'squat'),(209,65,1,'bench'),(209,72,2,'bench'),(209,77,3,'bench'),(209,0,4,'bench'),(209,127,1,'deadlift'),(209,140,2,'deadlift'),(209,150,3,'deadlift'),(209,0,4,'deadlift'),(210,115,1,'squat'),(210,-125,2,'squat'),(210,-125,3,'squat'),(210,0,4,'squat'),(210,-70,1,'bench'),(210,70,2,'bench'),(210,-75,3,'bench'),(210,0,4,'bench'),(210,125,1,'deadlift'),(210,132,2,'deadlift'),(210,140,3,'deadlift'),(210,0,4,'deadlift'),(211,165,1,'squat'),(211,171,2,'squat'),(211,175,3,'squat'),(211,180,4,'squat'),(211,57,1,'bench'),(211,60,2,'bench'),(211,-65,3,'bench'),(211,0,4,'bench'),(211,156,1,'deadlift'),(211,162,2,'deadlift'),(211,-172,3,'deadlift'),(211,0,4,'deadlift'),(212,92,1,'squat'),(212,102,2,'squat'),(212,-111,3,'squat'),(212,0,4,'squat'),(212,50,1,'bench'),(212,55,2,'bench'),(212,-57,3,'bench'),(212,0,4,'bench'),(212,100,1,'deadlift'),(212,112,2,'deadlift'),(212,120,3,'deadlift'),(212,0,4,'deadlift'),(213,137,1,'squat'),(213,145,2,'squat'),(213,-152,3,'squat'),(213,0,4,'squat'),(213,60,1,'bench'),(213,-65,2,'bench'),(213,-65,3,'bench'),(213,0,4,'bench'),(213,135,1,'deadlift'),(213,145,2,'deadlift'),(213,-150,3,'deadlift'),(213,0,4,'deadlift'),(214,105,1,'squat'),(214,110,2,'squat'),(214,-115,3,'squat'),(214,0,4,'squat'),(214,57,1,'bench'),(214,-62,2,'bench'),(214,-62,3,'bench'),(214,0,4,'bench'),(214,135,1,'deadlift'),(214,152,2,'deadlift'),(214,160,3,'deadlift'),(214,0,4,'deadlift'),(215,125,1,'squat'),(215,135,2,'squat'),(215,140,3,'squat'),(215,0,4,'squat'),(215,65,1,'bench'),(215,70,2,'bench'),(215,-72,3,'bench'),(215,0,4,'bench'),(215,145,1,'deadlift'),(215,155,2,'deadlift'),(215,172,3,'deadlift'),(215,0,4,'deadlift'),(216,100,1,'squat'),(216,110,2,'squat'),(216,-115,3,'squat'),(216,0,4,'squat'),(216,55,1,'bench'),(216,-60,2,'bench'),(216,-60,3,'bench'),(216,0,4,'bench'),(216,120,1,'deadlift'),(216,130,2,'deadlift'),(216,-135,3,'deadlift'),(216,0,4,'deadlift'),(217,102,1,'squat'),(217,110,2,'squat'),(217,-115,3,'squat'),(217,0,4,'squat'),(217,57,1,'bench'),(217,62,2,'bench'),(217,-65,3,'bench'),(217,0,4,'bench'),(217,105,1,'deadlift'),(217,115,2,'deadlift'),(217,120,3,'deadlift'),(217,0,4,'deadlift'),(218,175,1,'squat'),(218,187,2,'squat'),(218,200,3,'squat'),(218,0,4,'squat'),(218,110,1,'bench'),(218,117,2,'bench'),(218,-122,3,'bench'),(218,0,4,'bench'),(218,200,1,'deadlift'),(218,210,2,'deadlift'),(218,217,3,'deadlift'),(218,0,4,'deadlift'),(219,210,1,'squat'),(219,-220,2,'squat'),(219,-220,3,'squat'),(219,0,4,'squat'),(219,-120,1,'bench'),(219,-120,2,'bench'),(219,120,3,'bench'),(219,0,4,'bench'),(219,-250,1,'deadlift'),(219,-250,2,'deadlift'),(219,250,3,'deadlift'),(219,0,4,'deadlift'),(220,275,1,'squat'),(220,285,2,'squat'),(220,290,3,'squat'),(220,0,4,'squat'),(220,140,1,'bench'),(220,147,2,'bench'),(220,-152,3,'bench'),(220,0,4,'bench'),(220,-270,1,'deadlift'),(220,270,2,'deadlift'),(220,-285,3,'deadlift'),(220,0,4,'deadlift'),(221,175,1,'squat'),(221,187,2,'squat'),(221,-195,3,'squat'),(221,0,4,'squat'),(221,-110,1,'bench'),(221,-120,2,'bench'),(221,120,3,'bench'),(221,0,4,'bench'),(221,205,1,'deadlift'),(221,220,2,'deadlift'),(221,225,3,'deadlift'),(221,0,4,'deadlift'),(222,195,1,'squat'),(222,-200,2,'squat'),(222,-200,3,'squat'),(222,0,4,'squat'),(222,95,1,'bench'),(222,107,2,'bench'),(222,115,3,'bench'),(222,0,4,'bench'),(222,195,1,'deadlift'),(222,210,2,'deadlift'),(222,-220,3,'deadlift'),(222,0,4,'deadlift'),(223,-160,1,'squat'),(223,160,2,'squat'),(223,175,3,'squat'),(223,0,4,'squat'),(223,125,1,'bench'),(223,130,2,'bench'),(223,137,3,'bench'),(223,0,4,'bench'),(223,150,1,'deadlift'),(223,170,2,'deadlift'),(223,-180,3,'deadlift'),(223,0,4,'deadlift'),(224,280,1,'squat'),(224,-305,2,'squat'),(224,305,3,'squat'),(224,0,4,'squat'),(224,190,1,'bench'),(224,205,2,'bench'),(224,0,3,'bench'),(224,0,4,'bench'),(224,280,1,'deadlift'),(224,305,2,'deadlift'),(224,-312,3,'deadlift'),(224,0,4,'deadlift'),(225,225,1,'squat'),(225,240,2,'squat'),(225,250,3,'squat'),(225,0,4,'squat'),(225,-125,1,'bench'),(225,125,2,'bench'),(225,130,3,'bench'),(225,0,4,'bench'),(225,255,1,'deadlift'),(225,275,2,'deadlift'),(225,280,3,'deadlift'),(225,0,4,'deadlift'),(226,225,1,'squat'),(226,230,2,'squat'),(226,235,3,'squat'),(226,0,4,'squat'),(226,150,1,'bench'),(226,0,2,'bench'),(226,0,3,'bench'),(226,0,4,'bench'),(226,225,1,'deadlift'),(226,230,2,'deadlift'),(226,235,3,'deadlift'),(226,0,4,'deadlift'),(227,180,1,'squat'),(227,192,2,'squat'),(227,200,3,'squat'),(227,0,4,'squat'),(227,100,1,'bench'),(227,110,2,'bench'),(227,115,3,'bench'),(227,0,4,'bench'),(227,200,1,'deadlift'),(227,217,2,'deadlift'),(227,0,3,'deadlift'),(227,0,4,'deadlift'),(228,240,1,'squat'),(228,260,2,'squat'),(228,-270,3,'squat'),(228,0,4,'squat'),(228,140,1,'bench'),(228,155,2,'bench'),(228,162,3,'bench'),(228,0,4,'bench'),(228,245,1,'deadlift'),(228,265,2,'deadlift'),(228,272,3,'deadlift'),(228,0,4,'deadlift'),(229,-310,1,'squat'),(229,320,2,'squat'),(229,-335,3,'squat'),(229,0,4,'squat'),(229,170,1,'bench'),(229,180,2,'bench'),(229,-185,3,'bench'),(229,0,4,'bench'),(229,265,1,'deadlift'),(229,277,2,'deadlift'),(229,285,3,'deadlift'),(229,0,4,'deadlift'),(230,190,1,'squat'),(230,200,2,'squat'),(230,210,3,'squat'),(230,0,4,'squat'),(230,135,1,'bench'),(230,140,2,'bench'),(230,142,3,'bench'),(230,0,4,'bench'),(230,250,1,'deadlift'),(230,-265,2,'deadlift'),(230,-270,3,'deadlift'),(230,0,4,'deadlift'),(231,190,1,'squat'),(231,-210,2,'squat'),(231,-210,3,'squat'),(231,0,4,'squat'),(231,100,1,'bench'),(231,-107,2,'bench'),(231,-107,3,'bench'),(231,0,4,'bench'),(231,180,1,'deadlift'),(231,200,2,'deadlift'),(231,0,3,'deadlift'),(231,0,4,'deadlift'),(232,240,1,'squat'),(232,-255,2,'squat'),(232,255,3,'squat'),(232,0,4,'squat'),(232,150,1,'bench'),(232,157,2,'bench'),(232,165,3,'bench'),(232,0,4,'bench'),(232,270,1,'deadlift'),(232,285,2,'deadlift'),(232,-300,3,'deadlift'),(232,0,4,'deadlift'),(233,200,1,'squat'),(233,-220,2,'squat'),(233,220,3,'squat'),(233,0,4,'squat'),(233,140,1,'bench'),(233,155,2,'bench'),(233,-160,3,'bench'),(233,0,4,'bench'),(233,240,1,'deadlift'),(233,260,2,'deadlift'),(233,-275,3,'deadlift'),(233,0,4,'deadlift'),(234,175,1,'squat'),(234,-202,2,'squat'),(234,-202,3,'squat'),(234,0,4,'squat'),(234,117,1,'bench'),(234,125,2,'bench'),(234,-127,3,'bench'),(234,0,4,'bench'),(234,170,1,'deadlift'),(234,185,2,'deadlift'),(234,-192,3,'deadlift'),(234,0,4,'deadlift'),(235,220,1,'squat'),(235,235,2,'squat'),(235,-245,3,'squat'),(235,0,4,'squat'),(235,130,1,'bench'),(235,137,2,'bench'),(235,-145,3,'bench'),(235,0,4,'bench'),(235,265,1,'deadlift'),(235,-285,2,'deadlift'),(235,-290,3,'deadlift'),(235,0,4,'deadlift'),(236,120,1,'squat'),(236,130,2,'squat'),(236,-140,3,'squat'),(236,0,4,'squat'),(236,90,1,'bench'),(236,-97,2,'bench'),(236,-97,3,'bench'),(236,0,4,'bench'),(236,160,1,'deadlift'),(236,172,2,'deadlift'),(236,180,3,'deadlift'),(236,0,4,'deadlift'),(237,190,1,'squat'),(237,210,2,'squat'),(237,-225,3,'squat'),(237,0,4,'squat'),(237,135,1,'bench'),(237,145,2,'bench'),(237,-152,3,'bench'),(237,0,4,'bench'),(237,260,1,'deadlift'),(237,-280,2,'deadlift'),(237,-280,3,'deadlift'),(237,0,4,'deadlift'),(238,170,1,'squat'),(238,-180,2,'squat'),(238,-180,3,'squat'),(238,0,4,'squat'),(238,115,1,'bench'),(238,122,2,'bench'),(238,-130,3,'bench'),(238,0,4,'bench'),(238,170,1,'deadlift'),(238,190,2,'deadlift'),(238,-207,3,'deadlift'),(238,0,4,'deadlift'),(239,205,1,'squat'),(239,215,2,'squat'),(239,227,3,'squat'),(239,0,4,'squat'),(239,120,1,'bench'),(239,130,2,'bench'),(239,132,3,'bench'),(239,0,4,'bench'),(239,230,1,'deadlift'),(239,245,2,'deadlift'),(239,255,3,'deadlift'),(239,0,4,'deadlift'),(240,245,1,'squat'),(240,265,2,'squat'),(240,275,3,'squat'),(240,0,4,'squat'),(240,-147,1,'bench'),(240,147,2,'bench'),(240,-155,3,'bench'),(240,0,4,'bench'),(240,245,1,'deadlift'),(240,265,2,'deadlift'),(240,0,3,'deadlift'),(240,0,4,'deadlift'),(241,255,1,'squat'),(241,270,2,'squat'),(241,282,3,'squat'),(241,0,4,'squat'),(241,157,1,'bench'),(241,170,2,'bench'),(241,-175,3,'bench'),(241,0,4,'bench'),(241,235,1,'deadlift'),(241,255,2,'deadlift'),(241,-262,3,'deadlift'),(241,0,4,'deadlift'),(242,-275,1,'squat'),(242,-275,2,'squat'),(242,-275,3,'squat'),(242,0,4,'squat'),(242,-190,1,'bench'),(242,190,2,'bench'),(242,-202,3,'bench'),(242,0,4,'bench'),(242,-275,1,'deadlift'),(242,0,2,'deadlift'),(242,0,3,'deadlift'),(242,0,4,'deadlift'),(243,205,1,'squat'),(243,215,2,'squat'),(243,220,3,'squat'),(243,0,4,'squat'),(243,125,1,'bench'),(243,-132,2,'bench'),(243,-132,3,'bench'),(243,0,4,'bench'),(243,230,1,'deadlift'),(243,245,2,'deadlift'),(243,260,3,'deadlift'),(243,0,4,'deadlift'),(244,185,1,'squat'),(244,195,2,'squat'),(244,210,3,'squat'),(244,0,4,'squat'),(244,110,1,'bench'),(244,120,2,'bench'),(244,127,3,'bench'),(244,0,4,'bench'),(244,210,1,'deadlift'),(244,225,2,'deadlift'),(244,237,3,'deadlift'),(244,0,4,'deadlift'),(245,215,1,'squat'),(245,230,2,'squat'),(245,-235,3,'squat'),(245,0,4,'squat'),(245,150,1,'bench'),(245,162,2,'bench'),(245,167,3,'bench'),(245,-170,4,'bench'),(245,220,1,'deadlift'),(245,230,2,'deadlift'),(245,-237,3,'deadlift'),(245,0,4,'deadlift'),(246,200,1,'squat'),(246,215,2,'squat'),(246,-230,3,'squat'),(246,0,4,'squat'),(246,145,1,'bench'),(246,152,2,'bench'),(246,-160,3,'bench'),(246,0,4,'bench'),(246,210,1,'deadlift'),(246,225,2,'deadlift'),(246,232,3,'deadlift'),(246,0,4,'deadlift'),(247,187,1,'squat'),(247,202,2,'squat'),(247,212,3,'squat'),(247,0,4,'squat'),(247,115,1,'bench'),(247,125,2,'bench'),(247,-132,3,'bench'),(247,0,4,'bench'),(247,200,1,'deadlift'),(247,215,2,'deadlift'),(247,225,3,'deadlift'),(247,0,4,'deadlift'),(248,-290,1,'squat'),(248,290,2,'squat'),(248,300,3,'squat'),(248,0,4,'squat'),(248,180,1,'bench'),(248,190,2,'bench'),(248,200,3,'bench'),(248,0,4,'bench'),(248,290,1,'deadlift'),(248,300,2,'deadlift'),(248,-305,3,'deadlift'),(248,0,4,'deadlift'),(249,150,1,'squat'),(249,160,2,'squat'),(249,165,3,'squat'),(249,0,4,'squat'),(249,125,1,'bench'),(249,-132,2,'bench'),(249,135,3,'bench'),(249,-140,4,'bench'),(249,225,1,'deadlift'),(249,-240,2,'deadlift'),(249,240,3,'deadlift'),(249,0,4,'deadlift'),(250,135,1,'squat'),(250,145,2,'squat'),(250,155,3,'squat'),(250,165,4,'squat'),(250,95,1,'bench'),(250,102,2,'bench'),(250,-110,3,'bench'),(250,0,4,'bench'),(250,190,1,'deadlift'),(250,205,2,'deadlift'),(250,220,3,'deadlift'),(250,-232,4,'deadlift'),(251,230,1,'squat'),(251,250,2,'squat'),(251,265,3,'squat'),(251,0,4,'squat'),(251,155,1,'bench'),(251,160,2,'bench'),(251,-165,3,'bench'),(251,0,4,'bench'),(251,230,1,'deadlift'),(251,260,2,'deadlift'),(251,280,3,'deadlift'),(251,0,4,'deadlift'),(252,210,1,'squat'),(252,220,2,'squat'),(252,225,3,'squat'),(252,0,4,'squat'),(252,130,1,'bench'),(252,140,2,'bench'),(252,142,3,'bench'),(252,0,4,'bench'),(252,230,1,'deadlift'),(252,240,2,'deadlift'),(252,250,3,'deadlift'),(252,0,4,'deadlift'),(253,205,1,'squat'),(253,220,2,'squat'),(253,227,3,'squat'),(253,0,4,'squat'),(253,130,1,'bench'),(253,140,2,'bench'),(253,145,3,'bench'),(253,0,4,'bench'),(253,225,1,'deadlift'),(253,240,2,'deadlift'),(253,-250,3,'deadlift'),(253,0,4,'deadlift'),(254,255,1,'squat'),(254,275,2,'squat'),(254,290,3,'squat'),(254,0,4,'squat'),(254,160,1,'bench'),(254,170,2,'bench'),(254,175,3,'bench'),(254,0,4,'bench'),(254,270,1,'deadlift'),(254,285,2,'deadlift'),(254,-295,3,'deadlift'),(254,0,4,'deadlift'),(255,160,1,'squat'),(255,172,2,'squat'),(255,182,3,'squat'),(255,0,4,'squat'),(255,-117,1,'bench'),(255,117,2,'bench'),(255,-127,3,'bench'),(255,0,4,'bench'),(255,210,1,'deadlift'),(255,227,2,'deadlift'),(255,-235,3,'deadlift'),(255,0,4,'deadlift'),(256,210,1,'squat'),(256,220,2,'squat'),(256,230,3,'squat'),(256,0,4,'squat'),(256,110,1,'bench'),(256,117,2,'bench'),(256,-122,3,'bench'),(256,0,4,'bench'),(256,220,1,'deadlift'),(256,235,2,'deadlift'),(256,245,3,'deadlift'),(256,0,4,'deadlift'),(257,290,1,'squat'),(257,310,2,'squat'),(257,0,3,'squat'),(257,0,4,'squat'),(257,165,1,'bench'),(257,175,2,'bench'),(257,-185,3,'bench'),(257,0,4,'bench'),(257,320,1,'deadlift'),(257,340,2,'deadlift'),(257,355,3,'deadlift'),(257,-365,4,'deadlift'),(258,192,1,'squat'),(258,-200,2,'squat'),(258,-200,3,'squat'),(258,0,4,'squat'),(258,-115,1,'bench'),(258,115,2,'bench'),(258,-125,3,'bench'),(258,0,4,'bench'),(258,185,1,'deadlift'),(258,200,2,'deadlift'),(258,210,3,'deadlift'),(258,0,4,'deadlift'),(259,255,1,'squat'),(259,272,2,'squat'),(259,280,3,'squat'),(259,0,4,'squat'),(259,170,1,'bench'),(259,-180,2,'bench'),(259,180,3,'bench'),(259,0,4,'bench'),(259,275,1,'deadlift'),(259,290,2,'deadlift'),(259,302,3,'deadlift'),(259,0,4,'deadlift'),(260,260,1,'squat'),(260,270,2,'squat'),(260,272,3,'squat'),(260,0,4,'squat'),(260,160,1,'bench'),(260,170,2,'bench'),(260,175,3,'bench'),(260,0,4,'bench'),(260,280,1,'deadlift'),(260,290,2,'deadlift'),(260,305,3,'deadlift'),(260,0,4,'deadlift'),(261,210,1,'squat'),(261,222,2,'squat'),(261,-230,3,'squat'),(261,0,4,'squat'),(261,115,1,'bench'),(261,-125,2,'bench'),(261,-125,3,'bench'),(261,0,4,'bench'),(261,215,1,'deadlift'),(261,-235,2,'deadlift'),(261,235,3,'deadlift'),(261,0,4,'deadlift'),(262,265,1,'squat'),(262,-272,2,'squat'),(262,272,3,'squat'),(262,0,4,'squat'),(262,105,1,'bench'),(262,107,2,'bench'),(262,-110,3,'bench'),(262,0,4,'bench'),(262,250,1,'deadlift'),(262,257,2,'deadlift'),(262,260,3,'deadlift'),(262,0,4,'deadlift'),(263,185,1,'squat'),(263,200,2,'squat'),(263,-205,3,'squat'),(263,0,4,'squat'),(263,112,1,'bench'),(263,120,2,'bench'),(263,125,3,'bench'),(263,0,4,'bench'),(263,195,1,'deadlift'),(263,207,2,'deadlift'),(263,212,3,'deadlift'),(263,0,4,'deadlift'),(264,250,1,'squat'),(264,265,2,'squat'),(264,-275,3,'squat'),(264,0,4,'squat'),(264,145,1,'bench'),(264,155,2,'bench'),(264,-157,3,'bench'),(264,0,4,'bench'),(264,250,1,'deadlift'),(264,260,2,'deadlift'),(264,270,3,'deadlift'),(264,0,4,'deadlift'),(265,190,1,'squat'),(265,212,2,'squat'),(265,220,3,'squat'),(265,0,4,'squat'),(265,120,1,'bench'),(265,130,2,'bench'),(265,132,3,'bench'),(265,0,4,'bench'),(265,200,1,'deadlift'),(265,220,2,'deadlift'),(265,230,3,'deadlift'),(265,0,4,'deadlift'),(266,260,1,'squat'),(266,272,2,'squat'),(266,280,3,'squat'),(266,0,4,'squat'),(266,150,1,'bench'),(266,160,2,'bench'),(266,-165,3,'bench'),(266,0,4,'bench'),(266,260,1,'deadlift'),(266,275,2,'deadlift'),(266,280,3,'deadlift'),(266,0,4,'deadlift'),(267,265,1,'squat'),(267,-285,2,'squat'),(267,285,3,'squat'),(267,0,4,'squat'),(267,155,1,'bench'),(267,165,2,'bench'),(267,0,3,'bench'),(267,0,4,'bench'),(267,290,1,'deadlift'),(267,310,2,'deadlift'),(267,-325,3,'deadlift'),(267,0,4,'deadlift'),(268,-155,1,'squat'),(268,155,2,'squat'),(268,170,3,'squat'),(268,0,4,'squat'),(268,125,1,'bench'),(268,132,2,'bench'),(268,137,3,'bench'),(268,0,4,'bench'),(268,200,1,'deadlift'),(268,222,2,'deadlift'),(268,230,3,'deadlift'),(268,0,4,'deadlift'),(269,110,1,'squat'),(269,120,2,'squat'),(269,-125,3,'squat'),(269,0,4,'squat'),(269,60,1,'bench'),(269,65,2,'bench'),(269,0,3,'bench'),(269,0,4,'bench'),(269,145,1,'deadlift'),(269,155,2,'deadlift'),(269,160,3,'deadlift'),(269,-175,4,'deadlift'),(270,240,1,'squat'),(270,255,2,'squat'),(270,267,3,'squat'),(270,0,4,'squat'),(270,210,1,'bench'),(270,222,2,'bench'),(270,227,3,'bench'),(270,0,4,'bench'),(270,245,1,'deadlift'),(270,260,2,'deadlift'),(270,270,3,'deadlift'),(270,0,4,'deadlift'),(271,-240,1,'squat'),(271,240,2,'squat'),(271,250,3,'squat'),(271,0,4,'squat'),(271,135,1,'bench'),(271,142,2,'bench'),(271,-147,3,'bench'),(271,0,4,'bench'),(271,255,1,'deadlift'),(271,270,2,'deadlift'),(271,-287,3,'deadlift'),(271,0,4,'deadlift'),(272,185,1,'squat'),(272,200,2,'squat'),(272,210,3,'squat'),(272,0,4,'squat'),(272,115,1,'bench'),(272,122,2,'bench'),(272,-127,3,'bench'),(272,0,4,'bench'),(272,200,1,'deadlift'),(272,215,2,'deadlift'),(272,-225,3,'deadlift'),(272,0,4,'deadlift'),(273,270,1,'squat'),(273,-277,2,'squat'),(273,-277,3,'squat'),(273,0,4,'squat'),(273,157,1,'bench'),(273,-165,2,'bench'),(273,-165,3,'bench'),(273,0,4,'bench'),(273,285,1,'deadlift'),(273,-302,2,'deadlift'),(273,0,3,'deadlift'),(273,0,4,'deadlift'),(274,240,1,'squat'),(274,245,2,'squat'),(274,270,3,'squat'),(274,0,4,'squat'),(274,150,1,'bench'),(274,-157,2,'bench'),(274,-157,3,'bench'),(274,0,4,'bench'),(274,245,1,'deadlift'),(274,260,2,'deadlift'),(274,-275,3,'deadlift'),(274,0,4,'deadlift'),(275,220,1,'squat'),(275,245,2,'squat'),(275,-252,3,'squat'),(275,0,4,'squat'),(275,145,1,'bench'),(275,155,2,'bench'),(275,-165,3,'bench'),(275,0,4,'bench'),(275,230,1,'deadlift'),(275,255,2,'deadlift'),(275,270,3,'deadlift'),(275,0,4,'deadlift'),(276,245,1,'squat'),(276,260,2,'squat'),(276,-272,3,'squat'),(276,0,4,'squat'),(276,170,1,'bench'),(276,180,2,'bench'),(276,185,3,'bench'),(276,0,4,'bench'),(276,270,1,'deadlift'),(276,290,2,'deadlift'),(276,-310,3,'deadlift'),(276,0,4,'deadlift'),(277,245,1,'squat'),(277,260,2,'squat'),(277,267,3,'squat'),(277,0,4,'squat'),(277,120,1,'bench'),(277,125,2,'bench'),(277,130,3,'bench'),(277,0,4,'bench'),(277,240,1,'deadlift'),(277,252,2,'deadlift'),(277,262,3,'deadlift'),(277,0,4,'deadlift'),(278,305,1,'squat'),(278,325,2,'squat'),(278,332,3,'squat'),(278,0,4,'squat'),(278,160,1,'bench'),(278,-167,2,'bench'),(278,-167,3,'bench'),(278,0,4,'bench'),(278,350,1,'deadlift'),(278,-390,2,'deadlift'),(278,-390,3,'deadlift'),(278,0,4,'deadlift'),(279,225,1,'squat'),(279,245,2,'squat'),(279,260,3,'squat'),(279,0,4,'squat'),(279,160,1,'bench'),(279,170,2,'bench'),(279,180,3,'bench'),(279,0,4,'bench'),(279,225,1,'deadlift'),(279,240,2,'deadlift'),(279,260,3,'deadlift'),(279,0,4,'deadlift'),(280,200,1,'squat'),(280,215,2,'squat'),(280,-225,3,'squat'),(280,0,4,'squat'),(280,140,1,'bench'),(280,-147,2,'bench'),(280,-150,3,'bench'),(280,0,4,'bench'),(280,255,1,'deadlift'),(280,-265,2,'deadlift'),(280,-265,3,'deadlift'),(280,0,4,'deadlift'),(281,200,1,'squat'),(281,217,2,'squat'),(281,-225,3,'squat'),(281,0,4,'squat'),(281,110,1,'bench'),(281,120,2,'bench'),(281,-127,3,'bench'),(281,0,4,'bench'),(281,217,1,'deadlift'),(281,232,2,'deadlift'),(281,242,3,'deadlift'),(281,0,4,'deadlift'),(282,-250,1,'squat'),(282,-250,2,'squat'),(282,-260,3,'squat'),(282,0,4,'squat'),(282,150,1,'bench'),(282,162,2,'bench'),(282,-165,3,'bench'),(282,0,4,'bench'),(282,0,1,'deadlift'),(282,0,2,'deadlift'),(282,0,3,'deadlift'),(282,0,4,'deadlift'),(283,160,1,'squat'),(283,170,2,'squat'),(283,-190,3,'squat'),(283,0,4,'squat'),(283,130,1,'bench'),(283,140,2,'bench'),(283,147,3,'bench'),(283,0,4,'bench'),(283,190,1,'deadlift'),(283,210,2,'deadlift'),(283,-222,3,'deadlift'),(283,0,4,'deadlift'),(284,290,1,'squat'),(284,305,2,'squat'),(284,-320,3,'squat'),(284,0,4,'squat'),(284,195,1,'bench'),(284,207,2,'bench'),(284,212,3,'bench'),(284,0,4,'bench'),(284,280,1,'deadlift'),(284,300,2,'deadlift'),(284,-310,3,'deadlift'),(284,0,4,'deadlift'),(285,320,1,'squat'),(285,350,2,'squat'),(285,-360,3,'squat'),(285,0,4,'squat'),(285,175,1,'bench'),(285,-190,2,'bench'),(285,-190,3,'bench'),(285,0,4,'bench'),(285,280,1,'deadlift'),(285,305,2,'deadlift'),(285,-320,3,'deadlift'),(285,0,4,'deadlift'),(286,262,1,'squat'),(286,282,2,'squat'),(286,300,3,'squat'),(286,0,4,'squat'),(286,75,1,'bench'),(286,0,2,'bench'),(286,0,3,'bench'),(286,0,4,'bench'),(286,75,1,'deadlift'),(286,0,2,'deadlift'),(286,0,3,'deadlift'),(286,0,4,'deadlift'),(287,160,1,'squat'),(287,-175,2,'squat'),(287,180,3,'squat'),(287,0,4,'squat'),(287,90,1,'bench'),(287,97,2,'bench'),(287,-102,3,'bench'),(287,0,4,'bench'),(287,195,1,'deadlift'),(287,210,2,'deadlift'),(287,220,3,'deadlift'),(287,0,4,'deadlift'),(288,-255,1,'squat'),(288,260,2,'squat'),(288,-275,3,'squat'),(288,0,4,'squat'),(288,130,1,'bench'),(288,140,2,'bench'),(288,150,3,'bench'),(288,0,4,'bench'),(288,275,1,'deadlift'),(288,300,2,'deadlift'),(288,-307,3,'deadlift'),(288,0,4,'deadlift'),(289,-265,1,'squat'),(289,265,2,'squat'),(289,280,3,'squat'),(289,0,4,'squat'),(289,157,1,'bench'),(289,167,2,'bench'),(289,170,3,'bench'),(289,0,4,'bench'),(289,265,1,'deadlift'),(289,280,2,'deadlift'),(289,-282,3,'deadlift'),(289,0,4,'deadlift'),(290,-220,1,'squat'),(290,220,2,'squat'),(290,-225,3,'squat'),(290,0,4,'squat'),(290,130,1,'bench'),(290,-145,2,'bench'),(290,-145,3,'bench'),(290,0,4,'bench'),(290,225,1,'deadlift'),(290,240,2,'deadlift'),(290,-245,3,'deadlift'),(290,0,4,'deadlift');
/*!40000 ALTER TABLE `scores` ENABLE KEYS */;
UNLOCK TABLES;
/*!40103 SET TIME_ZONE=@OLD_TIME_ZONE */;

/*!40101 SET SQL_MODE=@OLD_SQL_MODE */;
/*!40014 SET FOREIGN_KEY_CHECKS=@OLD_FOREIGN_KEY_CHECKS */;
/*!40014 SET UNIQUE_CHECKS=@OLD_UNIQUE_CHECKS */;
/*!40101 SET CHARACTER_SET_CLIENT=@OLD_CHARACTER_SET_CLIENT */;
/*!40101 SET CHARACTER_SET_RESULTS=@OLD_CHARACTER_SET_RESULTS */;
/*!40101 SET COLLATION_CONNECTION=@OLD_COLLATION_CONNECTION */;
/*!40111 SET SQL_NOTES=@OLD_SQL_NOTES */;

-- Dump completed on 2020-04-13 17:38:39
